abata1.ppm,20 x 22
abata2a8.ppm,21 x 24
abata3a7.ppm,17 x 24
abata4a6.ppm,20 x 23
abata5.ppm,20 x 21
abatb1.ppm,46 x 8
abatb2b8.ppm,40 x 12
abatb3b7.ppm,18 x 13
abatb4b6.ppm,38 x 13
abatb5.ppm,44 x 9
abatc1.ppm,20 x 22
abatc2c8.ppm,20 x 23
abatc3c7.ppm,16 x 21
abatc4c6.ppm,18 x 25
abatc5.ppm,20 x 21
abgma0.ppm,19 x 15
abk1a0.ppm,25 x 11
abk2a0.ppm,25 x 11
acloa0.ppm,13 x 15
aclob0.ppm,24 x 20
acloc0.ppm,27 x 26
aclod0.ppm,31 x 31
acloe0.ppm,1 x 1
acwpa0.ppm,15 x 23
afwpa0.ppm,13 x 22
agb2a0.ppm,8 x 7
agera0.ppm,22 x 18
agerb0.ppm,20 x 18
agerc0.ppm,16 x 18
agerd0.ppm,10 x 18
agere0.ppm,3 x 18
agerf0.ppm,9 x 18
agerg0.ppm,16 x 18
agerh0.ppm,20 x 18
agg2a0.ppm,8 x 7
agmba0.ppm,8 x 7
agmga0.ppm,8 x 7
agmra0.ppm,8 x 7
agr2a0.ppm,22 x 18
agr2b0.ppm,20 x 18
agr2c0.ppm,16 x 18
agr2d0.ppm,10 x 18
agr2e0.ppm,3 x 18
agr2f0.ppm,9 x 18
agr2g0.ppm,16 x 18
agr2h0.ppm,20 x 18
agr3a0.ppm,22 x 18
agr3b0.ppm,20 x 18
agr3c0.ppm,16 x 18
agr3d0.ppm,10 x 18
agr3e0.ppm,3 x 18
agr3f0.ppm,9 x 18
agr3g0.ppm,16 x 18
agr3h0.ppm,20 x 18
agr4a0.ppm,22 x 18
agr4b0.ppm,20 x 18
agr4c0.ppm,16 x 18
agr4d0.ppm,10 x 18
agr4e0.ppm,3 x 18
agr4f0.ppm,9 x 18
agr4g0.ppm,16 x 18
agr4h0.ppm,20 x 18
amwpa0.ppm,9 x 22
arm1a0.ppm,32 x 24
arm2a0.ppm,24 x 28
arm3a0.ppm,22 x 15
arm4a0.ppm,16 x 30
arrwa1.ppm,9 x 8
arrwa2a8.ppm,38 x 8
arrwa3a7.ppm,59 x 8
arrwa4a6.ppm,39 x 8
arrwa5.ppm,10 x 8
artiatlp.ppm,27 x 23
artibgem.ppm,19 x 15
artiblst.ppm,26 x 22
artibman.ppm,23 x 22
artibok1.ppm,11 x 25
artibok2.ppm,11 x 25
artibrac.ppm,22 x 22
articwep.ppm,15 x 23
artieggc.ppm,18 x 22
artifwep.ppm,13 x 22
artigear.ppm,22 x 18
artigemb.ppm,8 x 7
artigemg.ppm,8 x 7
artigemr.ppm,8 x 7
artiger2.ppm,22 x 18
artiger3.ppm,22 x 18
artiger4.ppm,22 x 18
artigmb2.ppm,8 x 7
artigmg2.ppm,8 x 7
artihrad.ppm,22 x 22
artiinvu.ppm,16 x 22
artimwep.ppm,9 x 22
artipork.ppm,22 x 13
artipsbg.ppm,17 x 21
artiptn2.ppm,15 x 19
artiskl2.ppm,25 x 26
artiskll.ppm,18 x 20
artisoar.ppm,25 x 20
artisped.ppm,25 x 23
artisphl.ppm,19 x 25
artisumn.ppm,22 x 24
artitelo.ppm,27 x 25
artitrch.ppm,15 x 21
ask2a0.ppm,25 x 26
askua0.ppm,18 x 20
atlpa0.ppm,27 x 23
atlpb0.ppm,27 x 23
atlpc0.ppm,27 x 23
barla0.ppm,27 x 34
bblla0.ppm,161 x 127
bbllb0.ppm,154 x 131
bbllc0.ppm,149 x 132
bblld0.ppm,146 x 132
bblle0.ppm,169 x 119
bbllf0.ppm,179 x 114
bbllg0.ppm,187 x 121
bckta0.ppm,27 x 80
bdpla0.ppm,15 x 2
bdrpa0.ppm,2 x 8
bdsha0.ppm,15 x 6
bdshb0.ppm,16 x 7
bdshc0.ppm,19 x 7
bdshd0.ppm,21 x 5
bisha1.ppm,39 x 66
bisha5.ppm,39 x 67
bisha6a4.ppm,33 x 64
bisha7a3.ppm,29 x 66
bisha8a2.ppm,34 x 65
bishb1.ppm,39 x 66
bishb5.ppm,39 x 67
bishb6b4.ppm,34 x 65
bishb7b3.ppm,28 x 65
bishb8b2.ppm,34 x 66
bishc1.ppm,41 x 66
bishc5.ppm,40 x 65
bishc6c4.ppm,37 x 65
bishc7c3.ppm,34 x 68
bishc8c2.ppm,37 x 67
bishd1.ppm,39 x 65
bishd5.ppm,39 x 65
bishd6d4.ppm,37 x 65
bishd7d3.ppm,34 x 66
bishd8d2.ppm,37 x 65
bishe1.ppm,47 x 66
bishe5.ppm,49 x 66
bishe6e4.ppm,48 x 67
bishe7e3.ppm,41 x 66
bishe8e2.ppm,48 x 67
bishf1.ppm,89 x 74
bishf5.ppm,89 x 74
bishf6f4.ppm,86 x 76
bishf7f3.ppm,52 x 74
bishf8f2.ppm,87 x 76
bishg0.ppm,41 x 66
bishh0.ppm,46 x 65
bishi0.ppm,55 x 67
bishj0.ppm,77 x 68
bishk0.ppm,89 x 71
bishl0.ppm,93 x 76
bishm0.ppm,91 x 67
bishn0.ppm,88 x 24
bisho0.ppm,81 x 14
bishp0.ppm,64 x 11
bishq0.ppm,46 x 36
bishr0.ppm,41 x 26
bishs0.ppm,41 x 25
bisht0.ppm,40 x 23
bishu0.ppm,43 x 23
bishw0.ppm,31 x 7
bishv0.ppm,36 x 17
bishx0.ppm,39 x 66
blada1.ppm,9 x 9
blada2a8.ppm,22 x 10
blada3a7.ppm,32 x 11
blada4a6.ppm,22 x 9
blada5.ppm,9 x 9
bloda0.ppm,9 x 8
blodb0.ppm,13 x 13
blodc0.ppm,19 x 16
blsta0.ppm,24 x 20
blstb0.ppm,24 x 20
blstc0.ppm,20 x 20
blstd0.ppm,12 x 20
blste0.ppm,4 x 20
blstf0.ppm,12 x 20
blstg0.ppm,20 x 20
blsth0.ppm,24 x 20
bmana0.ppm,23 x 22
bnr1a0.ppm,68 x 127
bpfxa0.ppm,20 x 18
bpfxb0.ppm,16 x 15
bpfxc0.ppm,28 x 25
bpfxd0.ppm,38 x 33
bpfxe0.ppm,41 x 36
bpfxf0.ppm,36 x 33
bpfxg0.ppm,21 x 21
bpfxh0.ppm,20 x 19
braca0.ppm,26 x 19
bracb0.ppm,26 x 21
bracc0.ppm,32 x 21
bracd0.ppm,36 x 21
brace0.ppm,30 x 21
bracf0.ppm,27 x 21
bracg0.ppm,27 x 21
brach0.ppm,36 x 20
brtra0.ppm,30 x 61
brtrb0.ppm,30 x 59
brtrc0.ppm,30 x 57
brtrd0.ppm,30 x 60
brtre0.ppm,30 x 59
brtrf0.ppm,30 x 54
brtrg0.ppm,30 x 54
brtrh0.ppm,30 x 57
brtri0.ppm,30 x 60
brtrj0.ppm,30 x 62
brtrk0.ppm,30 x 62
brtrl0.ppm,30 x 58
brtrm0.ppm,30 x 59
bskla0.ppm,25 x 17
bsklb0.ppm,22 x 24
bsklc0.ppm,25 x 23
bskld0.ppm,18 x 25
bskle0.ppm,27 x 20
bsklf0.ppm,23 x 24
bsklg0.ppm,31 x 21
bsklh0.ppm,21 x 24
bskli0.ppm,24 x 15
canda0.ppm,24 x 39
candb0.ppm,24 x 37
candc0.ppm,24 x 36
candd0.ppm,24 x 36
cande0.ppm,24 x 36
cdlra0.ppm,50 x 65
cdlrb0.ppm,50 x 65
cdlrc0.ppm,50 x 65
cdlrd0.ppm,50 x 65
cdrna0.ppm,34 x 24
cdrnb0.ppm,34 x 24
cdrnc0.ppm,34 x 24
cdrnd0.ppm,34 x 24
cdrne0.ppm,34 x 24
cdrnf0.ppm,34 x 24
cdrng0.ppm,34 x 24
cdrnh0.ppm,34 x 24
centa1.ppm,61 x 78
centa2.ppm,77 x 76
centa3.ppm,83 x 76
centa4.ppm,71 x 75
centa5.ppm,63 x 74
centa6.ppm,76 x 75
centa7.ppm,81 x 78
centa8.ppm,73 x 76
centb1.ppm,63 x 71
centb2.ppm,73 x 69
centb3.ppm,77 x 71
centb4.ppm,64 x 70
centb5.ppm,63 x 70
centb6.ppm,71 x 69
centb7.ppm,79 x 70
centb8.ppm,62 x 71
centc1.ppm,61 x 77
centc2.ppm,66 x 78
centc3.ppm,76 x 76
centc4.ppm,74 x 76
centc5.ppm,58 x 74
centc6.ppm,68 x 75
centc7.ppm,80 x 75
centc8.ppm,71 x 76
centd1.ppm,62 x 75
centd2.ppm,73 x 72
centd3.ppm,81 x 74
centd4.ppm,65 x 72
centd5.ppm,63 x 70
centd6.ppm,71 x 71
centd7.ppm,87 x 71
centd8.ppm,64 x 75
cente1.ppm,67 x 74
cente2.ppm,69 x 73
cente3.ppm,80 x 72
cente4.ppm,74 x 73
cente5.ppm,63 x 74
cente6.ppm,72 x 74
cente7.ppm,77 x 73
cente8.ppm,77 x 74
centf1.ppm,67 x 74
centf2.ppm,69 x 72
centf3.ppm,80 x 73
centf4.ppm,75 x 73
centf5.ppm,63 x 73
centf6.ppm,70 x 75
centf7.ppm,78 x 73
centf8.ppm,77 x 74
centg1.ppm,78 x 75
centg2.ppm,81 x 74
centg3.ppm,77 x 73
centg4.ppm,70 x 72
centg5.ppm,72 x 72
centg6.ppm,85 x 71
centg7.ppm,75 x 73
centg8.ppm,69 x 73
centh1.ppm,56 x 89
centh2.ppm,77 x 89
centh3.ppm,90 x 89
centh4.ppm,80 x 93
centh5.ppm,58 x 96
centh6.ppm,74 x 97
centh7.ppm,91 x 93
centh8.ppm,83 x 88
centi1.ppm,69 x 88
centi2.ppm,79 x 89
centi3.ppm,72 x 88
centi4.ppm,69 x 90
centi5.ppm,70 x 92
centi6.ppm,84 x 91
centi7.ppm,69 x 89
centi8.ppm,62 x 92
centj1.ppm,63 x 84
centj2.ppm,118 x 62
centj3.ppm,95 x 62
centj4.ppm,57 x 82
centj5.ppm,71 x 66
centj6.ppm,114 x 81
centj7.ppm,101 x 61
centj8.ppm,90 x 60
centk0.ppm,78 x 75
centl0.ppm,74 x 73
centm0.ppm,87 x 76
centn0.ppm,92 x 80
cento0.ppm,94 x 83
centp0.ppm,94 x 84
centq0.ppm,103 x 71
centr0.ppm,101 x 47
cents0.ppm,83 x 35
centt0.ppm,83 x 36
centu0.ppm,78 x 75
cfcfa0.ppm,18 x 36
cfcfb0.ppm,18 x 38
cfcfc0.ppm,19 x 32
cfcfd0.ppm,18 x 35
cfcfe0.ppm,17 x 34
cfcff0.ppm,16 x 29
cfcfg0.ppm,17 x 29
cfcfh0.ppm,17 x 32
cfcfi0.ppm,17 x 35
cfcfj0.ppm,18 x 38
cfcfk0.ppm,18 x 31
cfcfl0.ppm,19 x 33
cfcfm0.ppm,19 x 34
cfcfn0.ppm,24 x 19
cfcfo0.ppm,23 x 14
cfcfp0.ppm,17 x 11
cfcfq0.ppm,27 x 19
cfcfr0.ppm,37 x 34
cfcfs0.ppm,39 x 44
cfcft0.ppm,44 x 51
cfcfu0.ppm,42 x 49
cfcfw0.ppm,40 x 45
cfcfv0.ppm,46 x 43
cfcfx0.ppm,36 x 37
cfcfy0.ppm,39 x 34
cfcfz0.ppm,12 x 13
cffxa0.ppm,9 x 14
cffxb0.ppm,25 x 34
cffxc0.ppm,39 x 64
cffxd0.ppm,42 x 64
cffxe0.ppm,41 x 61
cffxf0.ppm,40 x 61
cffxg0.ppm,35 x 61
cffxh0.ppm,35 x 63
cffxi0.ppm,35 x 61
cffxj0.ppm,38 x 58
cffxk0.ppm,42 x 41
cffxl0.ppm,41 x 25
cffxm0.ppm,27 x 19
cffxn1.ppm,10 x 20
cffxn2n8.ppm,25 x 14
cffxn3n7.ppm,32 x 13
cffxn4n6.ppm,25 x 16
cffxn5.ppm,11 x 23
cffxo1.ppm,7 x 13
cffxo2o8.ppm,14 x 12
cffxo3o7.ppm,21 x 12
cffxo4o6.ppm,18 x 13
cffxo5.ppm,10 x 16
cffxp1.ppm,6 x 9
cffxp2p8.ppm,11 x 8
cffxp3p7.ppm,14 x 8
cffxp4p6.ppm,13 x 9
cffxp5.ppm,8 x 11
cflma0.ppm,227 x 55
cflmb0.ppm,228 x 55
cflmc0.ppm,225 x 56
cflmd0.ppm,239 x 83
cflme0.ppm,275 x 125
cflmf0.ppm,275 x 126
cflmg0.ppm,249 x 84
chlya0.ppm,182 x 69
chlyb0.ppm,182 x 69
chlyc0.ppm,182 x 69
chlyd0.ppm,182 x 69
chlye0.ppm,182 x 72
chlyf0.ppm,182 x 90
chlyg0.ppm,182 x 69
chnsa0.ppm,6 x 32
chnsb0.ppm,6 x 64
chnsc0.ppm,13 x 31
chnsd0.ppm,12 x 32
chnse0.ppm,10 x 32
chnsf0.ppm,23 x 32
chnsg0.ppm,21 x 31
cler@0.ppm,44 x 67
cler$0.ppm,79 x 15
clera1.ppm,39 x 67
clera2.ppm,54 x 65
clera3.ppm,66 x 65
clera4.ppm,64 x 65
clera5.ppm,39 x 66
clera6.ppm,60 x 66
clera7.ppm,63 x 64
clera8.ppm,62 x 65
clerb1.ppm,38 x 67
clerb2.ppm,58 x 67
clerb3.ppm,52 x 67
clerb4.ppm,43 x 67
clerb5.ppm,39 x 67
clerb6.ppm,49 x 67
clerb7.ppm,51 x 66
clerb8.ppm,49 x 67
clerc1.ppm,43 x 66
clerc2.ppm,53 x 65
clerc3.ppm,59 x 64
clerc4.ppm,58 x 66
clerc5.ppm,44 x 66
clerc6.ppm,57 x 65
clerc7.ppm,62 x 65
clerc8.ppm,53 x 65
clerd1.ppm,37 x 67
clerd2.ppm,56 x 67
clerd3.ppm,49 x 66
clerd4.ppm,43 x 67
clerd5.ppm,39 x 67
clerd6.ppm,50 x 67
clerd7.ppm,47 x 67
clerd8.ppm,52 x 67
clere1.ppm,51 x 66
clere2.ppm,41 x 67
clere3.ppm,57 x 66
clere4.ppm,58 x 67
clere5.ppm,52 x 68
clere6.ppm,38 x 69
clere7.ppm,62 x 68
clere8.ppm,58 x 65
clerf1.ppm,52 x 65
clerf2.ppm,53 x 66
clerf3.ppm,49 x 63
clerf4.ppm,53 x 63
clerf5.ppm,50 x 65
clerf6.ppm,50 x 66
clerf7.ppm,48 x 66
clerf8.ppm,54 x 66
clerg1.ppm,50 x 62
clerg2.ppm,54 x 63
clerg3.ppm,66 x 61
clerg4.ppm,66 x 59
clerg5.ppm,52 x 59
clerg6.ppm,54 x 59
clerg7.ppm,68 x 61
clerg8.ppm,67 x 61
clerh1.ppm,41 x 66
clerh2.ppm,49 x 66
clerh3.ppm,41 x 67
clerh4.ppm,46 x 66
clerh5.ppm,42 x 65
clerh6.ppm,49 x 67
clerh7.ppm,41 x 68
clerh8.ppm,44 x 67
cleri0.ppm,50 x 61
clerj0.ppm,47 x 62
clerk0.ppm,46 x 56
clerl0.ppm,55 x 51
clerm0.ppm,52 x 53
clern0.ppm,51 x 44
clero0.ppm,51 x 36
clerp0.ppm,53 x 34
clerq0.ppm,53 x 19
clerr0.ppm,51 x 67
clers0.ppm,63 x 67
clert0.ppm,72 x 68
cleru0.ppm,70 x 67
clerw0.ppm,74 x 56
clerv0.ppm,72 x 63
clerx0.ppm,78 x 46
clery0.ppm,79 x 33
clerz0.ppm,79 x 21
cmcea0.ppm,78 x 98
cmceb0.ppm,79 x 193
cmcec0.ppm,131 x 200
cmced0.ppm,175 x 186
cmcee0.ppm,193 x 169
cmcef0.ppm,110 x 108
cndla0.ppm,21 x 35
cndlb0.ppm,21 x 36
cndlc0.ppm,21 x 36
conea0.ppm,228 x 37
coneb0.ppm,218 x 65
conec0.ppm,101 x 100
coned0.ppm,101 x 100
conee0.ppm,110 x 102
conef0.ppm,96 x 97
coneg0.ppm,231 x 55
cpb1a0.ppm,17 x 7
cpb2a0.ppm,17 x 6
cpb3a0.ppm,25 x 5
cpb4a0.ppm,10 x 11
cps1a0.ppm,27 x 112
cps2a0.ppm,50 x 15
cps3a0.ppm,23 x 80
cps4a0.ppm,22 x 95
cps5a0.ppm,23 x 99
cps6a0.ppm,48 x 37
cssfa0.ppm,189 x 64
cssfb0.ppm,189 x 64
cssfc0.ppm,189 x 67
cssfd0.ppm,15 x 16
cssfe0.ppm,18 x 18
cssff0.ppm,29 x 29
cssfg0.ppm,35 x 31
cssfh0.ppm,46 x 39
cssfi0.ppm,53 x 46
cssfj0.ppm,189 x 70
cssfk0.ppm,187 x 89
ctdpa0.ppm,12 x 34
ctdpb0.ppm,11 x 34
ctdpc0.ppm,27 x 33
ctdpd0.ppm,40 x 29
ctdpe0.ppm,40 x 18
ctdpf0.ppm,33 x 23
ctdpg0.ppm,30 x 31
ctdph0.ppm,43 x 11
ctdpi0.ppm,39 x 16
ctdpj0.ppm,43 x 11
ctdpk0.ppm,12 x 25
ctdpl0.ppm,31 x 11
ctdpm0.ppm,29 x 26
ctdpn0.ppm,7 x 39
ctdpo0.ppm,43 x 18
ctdpp0.ppm,46 x 11
ctdpq0.ppm,29 x 28
ctdpr0.ppm,37 x 21
ctdps0.ppm,42 x 11
ctdpt0.ppm,46 x 3
ctfxa1.ppm,23 x 20
ctfxa2a8.ppm,34 x 15
ctfxa3a7.ppm,51 x 14
ctfxa4a6.ppm,36 x 10
ctfxa5.ppm,16 x 13
ctfxb0.ppm,27 x 27
ctfxc0.ppm,37 x 37
ctfxd0.ppm,43 x 43
ctfxe0.ppm,50 x 49
ctfxf0.ppm,45 x 47
ctxda0.ppm,78 x 75
ctxdb0.ppm,70 x 77
ctxdc0.ppm,84 x 81
ctxdd0.ppm,101 x 85
ctxde0.ppm,99 x 83
ctxdf0.ppm,99 x 71
ctxdg0.ppm,99 x 56
ctxdh0.ppm,95 x 30
ctxdi0.ppm,97 x 18
ctxdj0.ppm,98 x 23
ctxdk0.ppm,95 x 17
d2fxa1.ppm,21 x 23
d2fxa2a8.ppm,25 x 19
d2fxa3a7.ppm,40 x 19
d2fxa4a6.ppm,26 x 18
d2fxa5.ppm,21 x 23
d2fxb1.ppm,18 x 23
d2fxb2b8.ppm,26 x 23
d2fxb3b7.ppm,42 x 23
d2fxb4b6.ppm,25 x 22
d2fxb5.ppm,18 x 23
d2fxc1.ppm,20 x 20
d2fxc2c8.ppm,25 x 22
d2fxc3c7.ppm,41 x 22
d2fxc4c6.ppm,25 x 21
d2fxc5.ppm,20 x 20
d2fxd1.ppm,20 x 23
d2fxd2d8.ppm,25 x 23
d2fxd3d7.ppm,40 x 23
d2fxd4d6.ppm,24 x 22
d2fxd5.ppm,20 x 23
d2fxe1.ppm,20 x 24
d2fxe2e8.ppm,25 x 22
d2fxe3e7.ppm,41 x 22
d2fxe4e6.ppm,25 x 21
d2fxe5.ppm,18 x 24
d2fxf1.ppm,21 x 24
d2fxf2f8.ppm,27 x 21
d2fxf3f7.ppm,43 x 21
d2fxf4f6.ppm,26 x 19
d2fxf5.ppm,19 x 23
d2fxg0.ppm,32 x 35
d2fxh0.ppm,59 x 49
d2fxi0.ppm,60 x 55
d2fxj0.ppm,72 x 61
d2fxk0.ppm,77 x 62
d2fxl0.ppm,70 x 38
darta1.ppm,9 x 7
darta2a8.ppm,19 x 7
darta3a7.ppm,26 x 7
darta4a6.ppm,18 x 7
darta5.ppm,9 x 7
dem2a1.ppm,96 x 102
dem2a2a8.ppm,102 x 106
dem2a3a7.ppm,109 x 110
dem2a4a6.ppm,131 x 112
dem2a5.ppm,86 x 110
dem2b1.ppm,97 x 105
dem2b2b8.ppm,124 x 107
dem2b3b7.ppm,120 x 111
dem2b4b6.ppm,101 x 112
dem2b5.ppm,87 x 112
dem2c1.ppm,96 x 102
dem2c2c8.ppm,123 x 105
dem2c3c7.ppm,133 x 108
dem2c4c6.ppm,111 x 111
dem2c5.ppm,87 x 110
dem2d1.ppm,98 x 106
dem2d2d8.ppm,97 x 107
dem2d3d7.ppm,123 x 113
dem2d4d6.ppm,134 x 113
dem2d5.ppm,87 x 110
dem2e1.ppm,97 x 103
dem2e2e8.ppm,97 x 105
dem2e3e7.ppm,123 x 112
dem2e4e6.ppm,101 x 112
dem2e5.ppm,87 x 106
dem2f1.ppm,96 x 104
dem2f2f8.ppm,97 x 105
dem2f3f7.ppm,120 x 111
dem2f4f6.ppm,153 x 143
dem2f5.ppm,87 x 107
dem2g1.ppm,101 x 106
dem2g2g8.ppm,140 x 105
dem2g3g7.ppm,145 x 108
dem2g4g6.ppm,147 x 108
dem2g5.ppm,88 x 102
dem2h0.ppm,96 x 93
dem2i0.ppm,92 x 125
dem2j0.ppm,90 x 122
dem2k0.ppm,118 x 124
dem2l0.ppm,111 x 116
dem2m0.ppm,115 x 106
dem2n0.ppm,119 x 77
dem2o0.ppm,121 x 33
dem2p0.ppm,119 x 18
demaa0.ppm,37 x 8
demba0.ppm,37 x 9
demca0.ppm,11 x 6
demda0.ppm,16 x 7
demea0.ppm,10 x 7
demna1.ppm,96 x 102
demna2a8.ppm,102 x 106
demna3a7.ppm,109 x 110
demna4a6.ppm,131 x 112
demna5.ppm,86 x 110
demnb1.ppm,97 x 105
demnb2b8.ppm,124 x 107
demnb3b7.ppm,120 x 111
demnb4b6.ppm,101 x 112
demnb5.ppm,87 x 112
demnc1.ppm,96 x 102
demnc2c8.ppm,123 x 105
demnc3c7.ppm,133 x 108
demnc4c6.ppm,111 x 111
demnc5.ppm,87 x 110
demnd1.ppm,98 x 106
demnd2d8.ppm,97 x 107
demnd3d7.ppm,123 x 113
demnd4d6.ppm,134 x 113
demnd5.ppm,87 x 110
demne1.ppm,97 x 103
demne2e8.ppm,97 x 105
demne3e7.ppm,123 x 112
demne4e6.ppm,101 x 112
demne5.ppm,87 x 106
demnf1.ppm,96 x 104
demnf2f8.ppm,97 x 105
demnf3f7.ppm,120 x 111
demnf4f6.ppm,153 x 143
demnf5.ppm,87 x 107
demng1.ppm,101 x 106
demng2g8.ppm,140 x 105
demng3g7.ppm,145 x 108
demng4g6.ppm,147 x 108
demng5.ppm,88 x 102
demnh0.ppm,96 x 93
demni0.ppm,92 x 125
demnj0.ppm,90 x 122
demnk0.ppm,118 x 124
demnl0.ppm,111 x 116
demnm0.ppm,115 x 106
demnn0.ppm,119 x 77
demno0.ppm,121 x 33
demnp0.ppm,119 x 18
demnq0.ppm,96 x 102
dmbaa0.ppm,37 x 8
dmbba0.ppm,37 x 9
dmbca0.ppm,11 x 6
dmbda0.ppm,16 x 7
dmbea0.ppm,10 x 7
dmfxa1.ppm,24 x 21
dmfxa2a8.ppm,33 x 19
dmfxa3a7.ppm,45 x 23
dmfxa4a6.ppm,30 x 21
dmfxa5.ppm,30 x 28
dmfxb1.ppm,25 x 22
dmfxb2b8.ppm,29 x 17
dmfxb3b7.ppm,37 x 24
dmfxb4b6.ppm,30 x 18
dmfxb5.ppm,27 x 26
dmfxc1.ppm,23 x 21
dmfxc2c8.ppm,30 x 19
dmfxc3c7.ppm,41 x 23
dmfxc4c6.ppm,25 x 21
dmfxc5.ppm,26 x 22
dmfxd0.ppm,25 x 25
dmfxe0.ppm,35 x 36
dmfxf0.ppm,52 x 49
dmfxg0.ppm,64 x 57
dmfxh0.ppm,64 x 63
draga1.ppm,82 x 101
draga2a8.ppm,94 x 101
draga3a7.ppm,102 x 107
draga4a6.ppm,84 x 106
draga5.ppm,101 x 101
dragb1.ppm,144 x 79
dragb2b8.ppm,110 x 76
dragb3b7.ppm,107 x 74
dragb4b6.ppm,108 x 73
dragb5.ppm,128 x 69
dragc1.ppm,122 x 71
dragc2c8.ppm,94 x 70
dragc3c7.ppm,104 x 68
dragc4c6.ppm,116 x 70
dragc5.ppm,118 x 64
dragd1.ppm,91 x 71
dragd2d8.ppm,81 x 72
dragd3d7.ppm,93 x 71
dragd4d6.ppm,99 x 70
dragd5.ppm,81 x 65
drage1.ppm,82 x 101
drage2e8.ppm,96 x 101
drage3e7.ppm,106 x 107
drage4e6.ppm,90 x 106
drage5.ppm,101 x 101
dragf1.ppm,108 x 70
dragf2f8.ppm,91 x 73
dragf3f7.ppm,81 x 80
dragf4f6.ppm,103 x 77
dragf5.ppm,94 x 69
dragg0.ppm,108 x 70
dragh0.ppm,92 x 78
dragi0.ppm,72 x 77
dragj0.ppm,57 x 71
dragk0.ppm,68 x 51
dragl0.ppm,89 x 50
dragm0.ppm,72 x 23
dragn0.ppm,108 x 73
drfxa1.ppm,21 x 23
drfxa2a8.ppm,25 x 19
drfxa3a7.ppm,40 x 19
drfxa4a6.ppm,26 x 18
drfxa5.ppm,21 x 23
drfxb1.ppm,18 x 23
drfxb2b8.ppm,26 x 23
drfxb3b7.ppm,42 x 23
drfxb4b6.ppm,25 x 22
drfxb5.ppm,18 x 23
drfxc1.ppm,20 x 20
drfxc2c8.ppm,25 x 22
drfxc3c7.ppm,41 x 22
drfxc4c6.ppm,25 x 21
drfxc5.ppm,20 x 20
drfxd1.ppm,20 x 23
drfxd2d8.ppm,25 x 23
drfxd3d7.ppm,40 x 23
drfxd4d6.ppm,24 x 22
drfxd5.ppm,20 x 23
drfxe1.ppm,20 x 24
drfxe2e8.ppm,25 x 22
drfxe3e7.ppm,41 x 22
drfxe4e6.ppm,25 x 21
drfxe5.ppm,18 x 24
drfxf1.ppm,21 x 24
drfxf2f8.ppm,27 x 21
drfxf3f7.ppm,43 x 21
drfxf4f6.ppm,26 x 19
drfxf5.ppm,19 x 23
drfxg0.ppm,35 x 38
drfxh0.ppm,61 x 51
drfxi0.ppm,60 x 56
drfxj0.ppm,72 x 61
drfxk0.ppm,77 x 62
drfxl0.ppm,70 x 38
eggca0.ppm,20 x 21
eggcb0.ppm,22 x 21
eggcc0.ppm,18 x 21
eggma0.ppm,9 x 10
eggmb0.ppm,9 x 9
eggmc0.ppm,9 x 11
eggmd0.ppm,9 x 10
eggme0.ppm,9 x 11
ettba0.ppm,79 x 73
ettbb0.ppm,76 x 74
ettbc0.ppm,77 x 81
ettbd0.ppm,93 x 89
ettbe0.ppm,97 x 85
ettbf0.ppm,100 x 76
ettbg0.ppm,95 x 73
ettbh0.ppm,98 x 68
ettbi0.ppm,99 x 55
ettbj0.ppm,99 x 34
ettbk0.ppm,99 x 25
ettbl0.ppm,99 x 27
ettbm0.ppm,23 x 37
ettbn0.ppm,36 x 24
ettbo0.ppm,30 x 24
ettbp0.ppm,19 x 30
ettbq0.ppm,21 x 42
ettbr0.ppm,38 x 27
ettbs0.ppm,44 x 21
ettna1.ppm,61 x 71
ettna2.ppm,74 x 70
ettna3.ppm,82 x 70
ettna4.ppm,72 x 71
ettna5.ppm,66 x 70
ettna6.ppm,72 x 71
ettna7.ppm,88 x 69
ettna8.ppm,73 x 69
ettnb1.ppm,73 x 72
ettnb2.ppm,77 x 74
ettnb3.ppm,61 x 73
ettnb4.ppm,63 x 73
ettnb5.ppm,74 x 72
ettnb6.ppm,77 x 72
ettnb7.ppm,65 x 70
ettnb8.ppm,59 x 72
ettnc1.ppm,75 x 69
ettnc2.ppm,69 x 69
ettnc3.ppm,72 x 69
ettnc4.ppm,72 x 71
ettnc5.ppm,72 x 70
ettnc6.ppm,70 x 71
ettnc7.ppm,66 x 70
ettnc8.ppm,74 x 70
ettnd1.ppm,69 x 72
ettnd2.ppm,72 x 72
ettnd3.ppm,61 x 70
ettnd4.ppm,63 x 72
ettnd5.ppm,76 x 72
ettnd6.ppm,77 x 73
ettnd7.ppm,65 x 73
ettnd8.ppm,61 x 74
ettne1.ppm,78 x 86
ettne2.ppm,46 x 86
ettne3.ppm,68 x 89
ettne4.ppm,89 x 92
ettne5.ppm,79 x 93
ettne6.ppm,44 x 93
ettne7.ppm,73 x 90
ettne8.ppm,89 x 87
ettnf1.ppm,96 x 82
ettnf2.ppm,90 x 79
ettnf3.ppm,59 x 76
ettnf4.ppm,73 x 75
ettnf5.ppm,90 x 77
ettnf6.ppm,87 x 81
ettnf7.ppm,63 x 84
ettnf8.ppm,70 x 83
ettng1.ppm,68 x 66
ettng2.ppm,86 x 70
ettng3.ppm,101 x 71
ettng4.ppm,90 x 70
ettng5.ppm,70 x 69
ettng6.ppm,76 x 67
ettng7.ppm,93 x 64
ettng8.ppm,95 x 62
ettnh1.ppm,79 x 73
ettnh2.ppm,56 x 76
ettnh3.ppm,63 x 77
ettnh4.ppm,74 x 76
ettnh5.ppm,83 x 73
ettnh6.ppm,59 x 71
ettnh7.ppm,66 x 71
ettnh8.ppm,78 x 73
ettni0.ppm,79 x 73
ettnj0.ppm,86 x 68
ettnk0.ppm,81 x 67
ettnl0.ppm,80 x 48
ettnm0.ppm,74 x 51
ettnn0.ppm,80 x 46
ettno0.ppm,83 x 44
ettnp0.ppm,82 x 57
ettnq0.ppm,84 x 36
ettnr0.ppm,79 x 73
faxea0.ppm,94 x 69
faxeb0.ppm,66 x 188
faxec0.ppm,169 x 200
faxed0.ppm,190 x 155
faxee0.ppm,57 x 65
faxef0.ppm,25 x 20
faxeg0.ppm,31 x 32
faxeh0.ppm,37 x 43
faxei0.ppm,40 x 42
faxej0.ppm,35 x 39
faxek0.ppm,28 x 17
faxel0.ppm,102 x 73
faxem0.ppm,102 x 73
faxen0.ppm,70 x 188
faxeo0.ppm,173 x 200
faxep0.ppm,194 x 159
faxeq0.ppm,65 x 69
faxer0.ppm,30 x 35
faxes0.ppm,37 x 43
faxet0.ppm,50 x 43
faxeu0.ppm,57 x 46
faxew0.ppm,46 x 49
faxev0.ppm,48 x 53
faxex0.ppm,44 x 50
fbl1a0.ppm,24 x 22
fbl1b0.ppm,29 x 27
fbl1c0.ppm,19 x 17
fbl1d0.ppm,17 x 15
fbl1e0.ppm,17 x 15
fbl1f0.ppm,15 x 13
fbl1g0.ppm,15 x 12
fbula0.ppm,63 x 81
fbulb0.ppm,63 x 81
fbulc0.ppm,63 x 81
fbuld0.ppm,63 x 81
fbule0.ppm,63 x 81
fbulf0.ppm,63 x 81
fbulg0.ppm,63 x 81
fbulh0.ppm,63 x 81
fbuli0.ppm,63 x 81
fbulj0.ppm,63 x 81
fdmba1.ppm,12 x 9
fdmba2a8.ppm,17 x 9
fdmba3a7.ppm,26 x 8
fdmba4a6.ppm,18 x 5
fdmba5.ppm,8 x 6
fdmbb0.ppm,31 x 24
fdmbc0.ppm,28 x 23
fdmbd0.ppm,22 x 19
fdmbe0.ppm,20 x 19
fdmna1.ppm,70 x 67
fdmna2.ppm,56 x 61
fdmna3.ppm,62 x 57
fdmna4.ppm,63 x 62
fdmna5.ppm,68 x 66
fdmna6.ppm,51 x 56
fdmna7.ppm,55 x 51
fdmna8.ppm,60 x 54
fdmnb1.ppm,75 x 51
fdmnb2.ppm,63 x 52
fdmnb3.ppm,61 x 53
fdmnb4.ppm,55 x 51
fdmnb5.ppm,65 x 50
fdmnb6.ppm,55 x 51
fdmnb7.ppm,61 x 53
fdmnb8.ppm,63 x 52
fdmnc1.ppm,65 x 51
fdmnc2.ppm,60 x 54
fdmnc3.ppm,55 x 51
fdmnc4.ppm,51 x 56
fdmnc5.ppm,64 x 51
fdmnc6.ppm,63 x 62
fdmnc7.ppm,62 x 57
fdmnc8.ppm,56 x 61
fdmnd1.ppm,90 x 64
fdmnd2.ppm,59 x 65
fdmnd3.ppm,50 x 61
fdmnd4.ppm,65 x 65
fdmnd5.ppm,73 x 63
fdmnd6.ppm,65 x 65
fdmnd7.ppm,50 x 61
fdmnd8.ppm,59 x 65
fdmne0.ppm,37 x 41
fdmnf0.ppm,38 x 41
fdmng0.ppm,39 x 40
fdmnh0.ppm,51 x 52
fdmni0.ppm,73 x 56
fdmnj0.ppm,87 x 60
fdmnk1.ppm,99 x 66
fdmnk5.ppm,96 x 63
fdmnk6k4.ppm,72 x 64
fdmnk7k3.ppm,44 x 66
fdmnk8k2.ppm,80 x 66
fdmnl0.ppm,62 x 46
fdmnm0.ppm,53 x 23
fdmnn0.ppm,68 x 38
fdmno0.ppm,85 x 34
fdmnp0.ppm,35 x 16
fdmnq0.ppm,34 x 15
fdmnr0.ppm,67 x 59
fdmns0.ppm,9 x 7
fdmnt0.ppm,3 x 4
fdmnu0.ppm,12 x 11
fdmnw0.ppm,14 x 7
fdmnv0.ppm,9 x 7
fdmnx0.ppm,36 x 35
fdmny0.ppm,30 x 7
fdmnz0.ppm,28 x 8
fdtha0.ppm,54 x 64
fdthb0.ppm,54 x 64
fdthc0.ppm,44 x 67
fdthd0.ppm,47 x 67
fdthe0.ppm,50 x 62
fdthf0.ppm,50 x 62
fdthg0.ppm,64 x 80
fdthh0.ppm,37 x 76
fdthi0.ppm,40 x 76
fdthj0.ppm,43 x 57
fdthk0.ppm,44 x 51
fdthl0.ppm,44 x 48
fdthm0.ppm,44 x 47
fdthn0.ppm,45 x 48
fdtho0.ppm,44 x 50
fdthp0.ppm,45 x 50
fdthq0.ppm,44 x 51
fdthr0.ppm,44 x 52
fdths0.ppm,44 x 51
fdtht0.ppm,51 x 62
fdthu0.ppm,36 x 69
fdthv0.ppm,19 x 59
fflga0.ppm,8 x 4
fflgb0.ppm,12 x 11
fflgc0.ppm,18 x 24
fflgd0.ppm,19 x 28
fflge0.ppm,18 x 35
fflgf0.ppm,19 x 40
fflgg0.ppm,19 x 40
fflgh0.ppm,19 x 34
fflgi0.ppm,18 x 33
fflgj0.ppm,17 x 28
fflgk0.ppm,17 x 28
fflgl0.ppm,17 x 31
fflgm0.ppm,17 x 34
fflgn0.ppm,18 x 37
fflgo0.ppm,18 x 39
fflgp0.ppm,19 x 40
fflgq0.ppm,19 x 33
ffsma0.ppm,6 x 20
ffsmb0.ppm,7 x 20
ffsmc0.ppm,6 x 18
ffsmd0.ppm,6 x 16
ffsme0.ppm,6 x 17
fhfxa1.ppm,15 x 28
fhfxa5.ppm,15 x 32
fhfxa6a4.ppm,32 x 37
fhfxa7a3.ppm,43 x 41
fhfxa8a2.ppm,33 x 33
fhfxb1.ppm,16 x 33
fhfxb5.ppm,15 x 33
fhfxb6b4.ppm,33 x 34
fhfxb7b3.ppm,44 x 35
fhfxb8b2.ppm,37 x 29
fhfxc1.ppm,14 x 45
fhfxc5.ppm,14 x 44
fhfxc6c4.ppm,39 x 37
fhfxc7c3.ppm,41 x 38
fhfxc8c2.ppm,38 x 38
fhfxd1.ppm,15 x 36
fhfxd5.ppm,13 x 41
fhfxd6d4.ppm,36 x 36
fhfxd7d3.ppm,34 x 41
fhfxd8d2.ppm,31 x 34
fhfxe1.ppm,14 x 28
fhfxe5.ppm,15 x 39
fhfxe6e4.ppm,31 x 34
fhfxe7e3.ppm,43 x 41
fhfxe8e2.ppm,32 x 37
fhfxf1.ppm,17 x 38
fhfxf5.ppm,15 x 30
fhfxf6f4.ppm,35 x 34
fhfxf7f3.ppm,41 x 34
fhfxf8f2.ppm,34 x 30
fhfxg1.ppm,16 x 49
fhfxg5.ppm,14 x 45
fhfxg6g4.ppm,42 x 38
fhfxg7g3.ppm,41 x 39
fhfxg8g2.ppm,38 x 38
fhfxh1.ppm,14 x 31
fhfxh5.ppm,17 x 36
fhfxh6h4.ppm,32 x 32
fhfxh7h3.ppm,34 x 41
fhfxh8h2.ppm,30 x 35
fhfxi0.ppm,39 x 33
fhfxj0.ppm,59 x 44
fhfxk0.ppm,73 x 55
fhfxl0.ppm,68 x 62
fhfxm0.ppm,57 x 36
fhfxn0.ppm,57 x 36
fhfxo0.ppm,57 x 36
fhfxp0.ppm,58 x 38
fhfxq0.ppm,46 x 34
fhfxr0.ppm,24 x 22
fhfxs0.ppm,14 x 14
fhfxt0.ppm,20 x 20
fhfxu0.ppm,34 x 28
fhfxw0.ppm,40 x 34
fhfxv0.ppm,40 x 30
fhmra0.ppm,130 x 96
fhmrb0.ppm,67 x 188
fhmrc0.ppm,170 x 191
fhmrd0.ppm,125 x 119
fhmre0.ppm,84 x 60
fogla0.ppm,196 x 49
foglb0.ppm,223 x 50
foglc0.ppm,213 x 52
fogld0.ppm,218 x 55
fogle0.ppm,211 x 54
fogma0.ppm,130 x 34
fogmb0.ppm,127 x 38
fogmc0.ppm,130 x 37
fogmd0.ppm,130 x 34
fogme0.ppm,132 x 39
fogsa0.ppm,71 x 18
fogsb0.ppm,71 x 21
fogsc0.ppm,71 x 20
fogsd0.ppm,72 x 19
fogse0.ppm,73 x 21
fpcha0.ppm,308 x 39
fpchb0.ppm,65 x 76
fpchc0.ppm,131 x 104
fpchd0.ppm,175 x 111
fpche0.ppm,248 x 126
fsfxa1.ppm,10 x 15
fsfxa2a8.ppm,24 x 11
fsfxa3a7.ppm,35 x 11
fsfxa4a6.ppm,24 x 9
fsfxa5.ppm,11 x 16
fsfxb1.ppm,10 x 15
fsfxb2b8.ppm,25 x 11
fsfxb3b7.ppm,35 x 12
fsfxb4b6.ppm,25 x 11
fsfxb5.ppm,11 x 17
fsfxc1.ppm,9 x 16
fsfxc2c8.ppm,25 x 12
fsfxc3c7.ppm,35 x 11
fsfxc4c6.ppm,25 x 12
fsfxc5.ppm,11 x 16
fsfxd0.ppm,29 x 21
fsfxe0.ppm,39 x 38
fsfxf0.ppm,42 x 50
fsfxg0.ppm,41 x 56
fsfxh0.ppm,44 x 49
fsfxi0.ppm,44 x 45
fsfxj0.ppm,38 x 43
fsfxk0.ppm,34 x 34
fsfxl0.ppm,20 x 35
fsfxm0.ppm,13 x 15
fsfxn0.ppm,12 x 19
fsfxo0.ppm,13 x 27
fsfxp0.ppm,13 x 22
fsfxq0.ppm,11 x 26
fsfxr0.ppm,10 x 26
fsfxs0.ppm,13 x 19
fsfxt0.ppm,10 x 22
fsfxu0.ppm,16 x 26
fsfxw0.ppm,13 x 10
fsfxv0.ppm,16 x 15
fskla0.ppm,25 x 54
fsklb0.ppm,25 x 52
fsklc0.ppm,25 x 50
fskld0.ppm,25 x 53
fskle0.ppm,25 x 47
fsklf0.ppm,25 x 47
fsklg0.ppm,25 x 53
fsklh0.ppm,25 x 48
fskli0.ppm,25 x 51
fsrda0.ppm,56 x 52
fsrdb0.ppm,58 x 49
fsrdc0.ppm,57 x 49
fsrdd0.ppm,45 x 52
fsrde0.ppm,111 x 126
fsrdf0.ppm,171 x 180
fsrdg0.ppm,181 x 132
fsrdh0.ppm,113 x 92
fsrdi0.ppm,28 x 41
fx12a1.ppm,11 x 11
fx12a2a8.ppm,25 x 6
fx12a3a7.ppm,37 x 9
fx12a4a6.ppm,25 x 6
fx12a5.ppm,11 x 11
fx12b1.ppm,10 x 9
fx12b2b8.ppm,25 x 6
fx12b3b7.ppm,37 x 9
fx12b4b6.ppm,25 x 6
fx12b5.ppm,10 x 9
fx12c0.ppm,20 x 30
fx12d0.ppm,24 x 25
fx12e0.ppm,21 x 23
fx12f0.ppm,21 x 18
fx12g0.ppm,22 x 15
fx12h0.ppm,13 x 13
fx13a0.ppm,7 x 11
fx13b0.ppm,20 x 35
fx13c0.ppm,18 x 29
fx13d0.ppm,14 x 27
fx13e0.ppm,11 x 21
fx13f0.ppm,10 x 20
fx13g0.ppm,8 x 14
fx13h0.ppm,7 x 11
fx13i0.ppm,56 x 24
fx13j0.ppm,93 x 38
fx13k0.ppm,92 x 40
fx13l0.ppm,85 x 46
fx13m0.ppm,91 x 46
gar1a0.ppm,53 x 123
gar2a0.ppm,53 x 123
gar3a0.ppm,53 x 123
gar4a0.ppm,53 x 123
gar5a0.ppm,53 x 123
gar6a0.ppm,53 x 76
gar7a0.ppm,53 x 76
gar8a0.ppm,52 x 76
gar9a0.ppm,53 x 76
gibsa0.ppm,30 x 8
gmpda0.ppm,30 x 47
gmpdb0.ppm,30 x 54
hrada0.ppm,22 x 22
hradb0.ppm,22 x 22
hradc0.ppm,17 x 22
hradd0.ppm,16 x 22
hrade0.ppm,13 x 22
hradf0.ppm,17 x 22
hradg0.ppm,22 x 22
hradh0.ppm,22 x 22
hradi0.ppm,22 x 22
hradj0.ppm,19 x 22
hradk0.ppm,17 x 22
hradl0.ppm,17 x 22
hradm0.ppm,13 x 22
hradn0.ppm,16 x 22
hrado0.ppm,17 x 22
hradp0.ppm,22 x 22
iceca0.ppm,10 x 8
icecb0.ppm,9 x 7
icecc0.ppm,7 x 3
icecd0.ppm,3 x 2
iceya1.ppm,58 x 74
iceya2a8.ppm,72 x 71
iceya3a7.ppm,78 x 71
iceya4a6.ppm,67 x 69
iceya5.ppm,66 x 68
iceyb1.ppm,71 x 77
iceyb2b8.ppm,59 x 73
iceyb3b7.ppm,55 x 71
iceyb4b6.ppm,62 x 69
iceyb5.ppm,71 x 67
iceyc1.ppm,58 x 74
iceyc2c8.ppm,73 x 74
iceyc3c7.ppm,79 x 70
iceyc4c6.ppm,66 x 67
iceyc5.ppm,66 x 68
iceyd1.ppm,71 x 77
iceyd2d8.ppm,62 x 73
iceyd3d7.ppm,59 x 71
iceyd4d6.ppm,62 x 67
iceyd5.ppm,71 x 67
iceye1.ppm,82 x 78
iceye2e8.ppm,64 x 74
iceye3e7.ppm,60 x 75
iceye4e6.ppm,62 x 72
iceye5.ppm,71 x 70
iceyf1.ppm,78 x 67
iceyf2f8.ppm,83 x 68
iceyf3f7.ppm,87 x 68
iceyf4f6.ppm,61 x 65
iceyf5.ppm,53 x 62
iceyg1.ppm,86 x 74
iceyg2g8.ppm,93 x 75
iceyg3g7.ppm,91 x 78
iceyg4g6.ppm,67 x 69
iceyg5.ppm,57 x 65
iceyh1.ppm,82 x 78
iceyh2h8.ppm,64 x 74
iceyh3h7.ppm,60 x 75
iceyh4h6.ppm,62 x 72
iceyh5.ppm,71 x 70
icm1a0.ppm,23 x 66
icm2a0.ppm,17 x 52
icm3a0.ppm,10 x 33
icm4a0.ppm,8 x 24
icpra0.ppm,18 x 17
icprb0.ppm,20 x 17
icprc0.ppm,20 x 16
icprd0.ppm,19 x 19
icpre0.ppm,21 x 19
icprf0.ppm,21 x 21
icprg0.ppm,22 x 21
icprh0.ppm,20 x 19
icpri0.ppm,8 x 8
icprj0.ppm,12 x 11
icprk0.ppm,15 x 14
icprl0.ppm,21 x 16
icprm0.ppm,21 x 19
icprn1.ppm,7 x 7
icprn2n8.ppm,16 x 3
icprn3n7.ppm,21 x 3
icprn4n6.ppm,16 x 3
icprn5.ppm,7 x 7
icpro1.ppm,7 x 7
icpro2o8.ppm,14 x 3
icpro3o7.ppm,23 x 3
icpro4o6.ppm,14 x 3
icpro5.ppm,7 x 7
icprp1.ppm,7 x 7
icprp2p8.ppm,15 x 3
icprp3p7.ppm,21 x 3
icprp4p6.ppm,15 x 3
icprp5.ppm,7 x 7
icprq0.ppm,3 x 3
icprr0.ppm,3 x 3
ict1a0.ppm,23 x 66
ict2a0.ppm,17 x 52
ict3a0.ppm,10 x 33
ict4a0.ppm,8 x 24
icwsa0.ppm,11 x 35
icwsb0.ppm,9 x 36
icwsc0.ppm,8 x 36
icwsd0.ppm,12 x 34
icwse0.ppm,10 x 34
icwsf0.ppm,11 x 34
icwsg0.ppm,12 x 28
icwsh0.ppm,10 x 31
icwsi0.ppm,9 x 38
icwsj0.ppm,5 x 17
icwsk0.ppm,5 x 17
icwsl0.ppm,6 x 17
icwsm0.ppm,6 x 13
icwsn0.ppm,6 x 15
icwso0.ppm,5 x 19
icwsp0.ppm,6 x 17
icwsq0.ppm,5 x 18
icwsr0.ppm,5 x 18
invua0.ppm,20 x 29
invub0.ppm,22 x 29
invuc0.ppm,20 x 29
invud0.ppm,22 x 29
irona0.ppm,50 x 63
key1a0.ppm,12 x 24
key2a0.ppm,8 x 20
key3a0.ppm,14 x 24
key4a0.ppm,11 x 24
key5a0.ppm,8 x 20
key6a0.ppm,15 x 24
key7a0.ppm,11 x 24
key8a0.ppm,10 x 22
key9a0.ppm,10 x 25
keyaa0.ppm,12 x 30
keyba0.ppm,13 x 29
korxa1.ppm,125 x 112
korxa2a8.ppm,156 x 115
korxa3a7.ppm,156 x 110
korxa4a6.ppm,116 x 106
korxa5.ppm,121 x 103
korxb1.ppm,139 x 112
korxb2b8.ppm,144 x 111
korxb3b7.ppm,171 x 107
korxb4b6.ppm,137 x 103
korxb5.ppm,119 x 103
korxc1.ppm,141 x 115
korxc2c8.ppm,125 x 110
korxc3c7.ppm,154 x 105
korxc4c6.ppm,157 x 99
korxc5.ppm,121 x 103
korxd1.ppm,139 x 112
korxd2d8.ppm,132 x 109
korxd3d7.ppm,165 x 106
korxd4d6.ppm,143 x 103
korxd5.ppm,119 x 103
korxe1.ppm,130 x 125
korxe2e8.ppm,103 x 122
korxe3e7.ppm,122 x 120
korxe4e6.ppm,123 x 118
korxe5.ppm,127 x 119
korxf1.ppm,142 x 125
korxf2f8.ppm,109 x 122
korxf3f7.ppm,122 x 120
korxf4f6.ppm,129 x 118
korxf5.ppm,137 x 119
korxg1.ppm,119 x 143
korxg2g8.ppm,126 x 139
korxg3g7.ppm,109 x 135
korxg4g6.ppm,105 x 138
korxg5.ppm,127 x 139
korxh1.ppm,103 x 112
korxh2h8.ppm,100 x 110
korxh3h7.ppm,134 x 107
korxh4h6.ppm,130 x 104
korxh5.ppm,99 x 103
korxi0.ppm,111 x 119
korxj0.ppm,119 x 120
korxk0.ppm,120 x 114
korxl0.ppm,120 x 90
korxm0.ppm,106 x 82
korxn0.ppm,111 x 74
korxo0.ppm,134 x 77
korxp0.ppm,132 x 46
korxq0.ppm,120 x 38
korxr0.ppm,131 x 52
korxs0.ppm,131 x 55
korxt0.ppm,131 x 52
korxu0.ppm,131 x 45
korxv0.ppm,131 x 45
korxw1.ppm,133 x 118
korxw2w8.ppm,121 x 116
korxw3w7.ppm,130 x 112
korxw4w6.ppm,132 x 109
korxw5.ppm,136 x 107
lef1a0.ppm,13 x 8
lef1b0.ppm,16 x 8
lef1c0.ppm,15 x 8
lef1d0.ppm,9 x 12
lef1e0.ppm,10 x 11
lef1f0.ppm,13 x 9
lef1g0.ppm,14 x 7
lef1h0.ppm,5 x 12
lef1i0.ppm,11 x 8
lef2a0.ppm,13 x 8
lef2b0.ppm,15 x 8
lef2c0.ppm,14 x 8
lef2d0.ppm,9 x 12
lef2e0.ppm,9 x 12
lef2f0.ppm,12 x 8
lef2g0.ppm,14 x 7
lef2h0.ppm,5 x 12
lef2i0.ppm,11 x 9
lef3a0.ppm,12 x 9
lef3b0.ppm,14 x 5
lef3c0.ppm,15 x 5
lef3d0.ppm,14 x 6
lef3e0.ppm,12 x 8
logga0.ppm,45 x 60
lvasa0.ppm,25 x 12
lvasb0.ppm,30 x 19
lvasc0.ppm,32 x 16
lvasd0.ppm,30 x 13
lvase0.ppm,27 x 11
lvasf0.ppm,25 x 6
lvasg0.ppm,28 x 28
lvash0.ppm,29 x 36
lvasi0.ppm,42 x 43
lvasj0.ppm,36 x 34
lvask0.ppm,20 x 27
magea1.ppm,41 x 64
magea2.ppm,42 x 63
magea3.ppm,60 x 62
magea4.ppm,48 x 64
magea5.ppm,41 x 64
magea6.ppm,39 x 62
magea7.ppm,57 x 62
magea8.ppm,44 x 63
mageb1.ppm,41 x 63
mageb2.ppm,44 x 63
mageb3.ppm,48 x 63
mageb4.ppm,46 x 64
mageb5.ppm,40 x 64
mageb6.ppm,44 x 64
mageb7.ppm,49 x 63
mageb8.ppm,44 x 65
magec1.ppm,34 x 64
magec2.ppm,52 x 63
magec3.ppm,59 x 62
magec4.ppm,41 x 62
magec5.ppm,33 x 63
magec6.ppm,55 x 64
magec7.ppm,59 x 62
magec8.ppm,39 x 63
maged1.ppm,41 x 63
maged2.ppm,44 x 65
maged3.ppm,48 x 63
maged4.ppm,46 x 64
maged5.ppm,40 x 64
maged6.ppm,47 x 64
maged7.ppm,49 x 63
maged8.ppm,44 x 63
magee1.ppm,36 x 61
magee2.ppm,54 x 63
magee3.ppm,63 x 63
magee4.ppm,51 x 62
magee5.ppm,37 x 62
magee6.ppm,54 x 62
magee7.ppm,63 x 62
magee8.ppm,53 x 62
magef1.ppm,38 x 61
magef2.ppm,61 x 63
magef3.ppm,71 x 63
magef4.ppm,57 x 62
magef5.ppm,37 x 62
magef6.ppm,62 x 62
magef7.ppm,74 x 62
magef8.ppm,61 x 62
mageg1.ppm,50 x 62
mageg2.ppm,37 x 61
mageg3.ppm,34 x 61
mageg4.ppm,48 x 61
mageg5.ppm,48 x 61
mageg6.ppm,37 x 62
mageg7.ppm,34 x 62
mageg8.ppm,46 x 61
mageh0.ppm,56 x 72
magei0.ppm,58 x 59
magej0.ppm,75 x 51
magek0.ppm,74 x 43
magel0.ppm,77 x 34
magem0.ppm,77 x 22
magen0.ppm,66 x 13
mageo0.ppm,56 x 71
magep0.ppm,60 x 72
mageq0.ppm,66 x 66
mager0.ppm,69 x 60
mages0.ppm,71 x 57
maget0.ppm,71 x 51
mageu0.ppm,69 x 40
magew0.ppm,70 x 19
magev0.ppm,70 x 31
magex0.ppm,70 x 10
magey0.ppm,50 x 62
man1a0.ppm,18 x 14
man1b0.ppm,19 x 14
man1c0.ppm,19 x 14
man1d0.ppm,17 x 14
man1e0.ppm,17 x 14
man1f0.ppm,19 x 14
man1g0.ppm,19 x 14
man1h0.ppm,17 x 14
man1i0.ppm,17 x 14
man2a0.ppm,16 x 14
man2b0.ppm,16 x 14
man2c0.ppm,16 x 14
man2d0.ppm,17 x 14
man2e0.ppm,17 x 14
man2f0.ppm,15 x 14
man2g0.ppm,16 x 14
man2h0.ppm,16 x 14
man2i0.ppm,16 x 14
man2j0.ppm,16 x 14
man2k0.ppm,15 x 14
man2l0.ppm,18 x 14
man2m0.ppm,18 x 14
man2n0.ppm,16 x 14
man2o0.ppm,16 x 14
man2p0.ppm,16 x 14
man3a0.ppm,20 x 18
man3b0.ppm,21 x 18
man3c0.ppm,21 x 18
man3d0.ppm,22 x 18
man3e0.ppm,22 x 18
man3f0.ppm,20 x 18
man3g0.ppm,21 x 18
man3h0.ppm,22 x 18
man3i0.ppm,22 x 18
man3j0.ppm,21 x 18
man3k0.ppm,20 x 18
man3l0.ppm,21 x 18
man3m0.ppm,22 x 18
man3n0.ppm,20 x 18
man3o0.ppm,21 x 18
man3p0.ppm,21 x 18
mgsda0.ppm,6 x 13
mgsdb0.ppm,11 x 6
mgsdc0.ppm,8 x 8
mlf2a0.ppm,61 x 58
mlf2b0.ppm,48 x 53
mlf2c0.ppm,50 x 51
mlf2d0.ppm,45 x 41
mlf2e0.ppm,24 x 42
mlf2f0.ppm,61 x 58
mlf2g0.ppm,48 x 53
mlf2h0.ppm,50 x 51
mlf2i0.ppm,50 x 41
mlf2j0.ppm,24 x 42
mlf2k0.ppm,9 x 43
mlf2l0.ppm,7 x 39
mlf2m0.ppm,6 x 30
mlf2n0.ppm,59 x 44
mlf2o0.ppm,42 x 37
mlf2p0.ppm,29 x 30
mlf2q0.ppm,29 x 24
mlfxa0.ppm,61 x 58
mlfxb0.ppm,45 x 55
mlfxc0.ppm,48 x 53
mlfxd0.ppm,45 x 55
mlfxe0.ppm,45 x 55
mlfxf0.ppm,48 x 53
mlfxg0.ppm,45 x 55
mlfxh0.ppm,61 x 58
mlfxi0.ppm,12 x 49
mlfxj0.ppm,12 x 58
mlfxk0.ppm,14 x 50
mlfxl0.ppm,18 x 35
mlfxm0.ppm,12 x 49
mlfxn0.ppm,12 x 37
mlfxo0.ppm,11 x 35
mlfxp0.ppm,10 x 32
mlfxq0.ppm,10 x 30
mlfxr0.ppm,9 x 25
mlfxs0.ppm,8 x 21
mlfxt0.ppm,6 x 16
mlfxu0.ppm,4 x 11
mlnga0.ppm,151 x 58
mlngb0.ppm,157 x 65
mlngc0.ppm,142 x 68
mlngd0.ppm,131 x 62
mlnge0.ppm,229 x 80
mlngf0.ppm,246 x 113
mlngg0.ppm,320 x 115
mlngh0.ppm,320 x 85
mlngi0.ppm,320 x 57
mnsma0.ppm,50 x 35
mnsmb0.ppm,89 x 55
mnsmc0.ppm,147 x 141
mnsmd0.ppm,93 x 65
mnsme0.ppm,99 x 71
mnsmf0.ppm,106 x 79
mnsmg0.ppm,106 x 88
mnsmh0.ppm,107 x 96
mnsmi0.ppm,112 x 104
mnsmj0.ppm,118 x 111
mnsmk0.ppm,125 x 118
mnsml0.ppm,126 x 120
mnsmm0.ppm,127 x 112
mnsmn0.ppm,128 x 110
mnsmo0.ppm,88 x 79
mnsmp0.ppm,47 x 42
mnsmq0.ppm,46 x 41
mntra1.ppm,68 x 106
mntra2.ppm,112 x 107
mntra3.ppm,101 x 102
mntra4.ppm,90 x 94
mntra5.ppm,74 x 96
mntra6.ppm,97 x 99
mntra7.ppm,114 x 99
mntra8.ppm,98 x 98
mntrb1.ppm,87 x 104
mntrb2.ppm,87 x 103
mntrb3.ppm,87 x 102
mntrb4.ppm,82 x 98
mntrb5.ppm,79 x 95
mntrb6.ppm,82 x 92
mntrb7.ppm,85 x 95
mntrb8.ppm,90 x 98
mntrc1.ppm,78 x 104
mntrc2.ppm,98 x 98
mntrc3.ppm,96 x 99
mntrc4.ppm,92 x 99
mntrc5.ppm,69 x 96
mntrc6.ppm,90 x 94
mntrc7.ppm,101 x 102
mntrc8.ppm,99 x 107
mntrd1.ppm,89 x 104
mntrd2.ppm,90 x 98
mntrd3.ppm,86 x 95
mntrd4.ppm,82 x 93
mntrd5.ppm,72 x 94
mntrd6.ppm,99 x 98
mntrd7.ppm,87 x 102
mntrd8.ppm,86 x 102
mntre1.ppm,102 x 122
mntre2.ppm,101 x 115
mntre3.ppm,94 x 103
mntre4.ppm,92 x 102
mntre5.ppm,107 x 103
mntre6.ppm,75 x 107
mntre7.ppm,89 x 112
mntre8.ppm,108 x 116
mntrf1.ppm,86 x 86
mntrf2.ppm,119 x 86
mntrf3.ppm,129 x 91
mntrf4.ppm,115 x 89
mntrf5.ppm,99 x 97
mntrf6.ppm,101 x 100
mntrf7.ppm,139 x 95
mntrf8.ppm,129 x 90
mntrg1.ppm,87 x 115
mntrg2.ppm,82 x 117
mntrg3.ppm,104 x 115
mntrg4.ppm,95 x 119
mntrg5.ppm,81 x 126
mntrg6.ppm,84 x 126
mntrg7.ppm,89 x 120
mntrg8.ppm,92 x 113
mntrh1.ppm,85 x 116
mntrh2.ppm,115 x 109
mntrh3.ppm,99 x 98
mntrh4.ppm,89 x 87
mntrh5.ppm,78 x 90
mntrh6.ppm,90 x 95
mntrh7.ppm,105 x 110
mntrh8.ppm,98 x 110
mntri1.ppm,71 x 87
mntri2.ppm,127 x 86
mntri3.ppm,134 x 81
mntri4.ppm,119 x 77
mntri5.ppm,83 x 79
mntri6.ppm,107 x 78
mntri7.ppm,132 x 79
mntri8.ppm,127 x 81
mntrj1.ppm,108 x 111
mntrj2.ppm,137 x 111
mntrj3.ppm,103 x 103
mntrj4.ppm,88 x 96
mntrj5.ppm,80 x 93
mntrj6.ppm,132 x 96
mntrj7.ppm,131 x 101
mntrj8.ppm,87 x 107
mntrk1.ppm,92 x 112
mntrk2.ppm,90 x 114
mntrk3.ppm,80 x 115
mntrk4.ppm,87 x 107
mntrk5.ppm,104 x 101
mntrk6.ppm,80 x 105
mntrk7.ppm,87 x 106
mntrk8.ppm,90 x 110
msh1a0.ppm,30 x 26
msh2a0.ppm,30 x 26
msh3a0.ppm,24 x 22
msh4a0.ppm,17 x 15
msh5a0.ppm,16 x 11
msh6a0.ppm,16 x 11
msh7a0.ppm,16 x 12
msh8a0.ppm,11 x 16
msp1a0.ppm,30 x 24
msp1b0.ppm,33 x 25
msp1c0.ppm,30 x 23
msp1d0.ppm,29 x 25
msp1e0.ppm,31 x 23
msp1f0.ppm,31 x 25
msp1g0.ppm,27 x 24
msp1h0.ppm,53 x 45
msp1i0.ppm,63 x 51
msp1j0.ppm,59 x 58
msp1k0.ppm,53 x 61
msp1l0.ppm,57 x 50
msp1m0.ppm,61 x 40
msp1n0.ppm,63 x 32
msp1o0.ppm,57 x 23
msp1p0.ppm,47 x 17
msp2a0.ppm,23 x 25
msp2b0.ppm,37 x 27
msp2c0.ppm,29 x 23
msp2d0.ppm,27 x 37
msp2e0.ppm,15 x 17
msp2f0.ppm,41 x 52
msp2g0.ppm,64 x 80
msp2h0.ppm,36 x 37
msp2i0.ppm,15 x 17
mss1a0.ppm,39 x 25
mss2a0.ppm,33 x 30
mstfa0.ppm,90 x 61
mstfb0.ppm,90 x 61
mstfc0.ppm,90 x 61
mstfd0.ppm,90 x 61
mstfe0.ppm,90 x 61
mstff0.ppm,90 x 61
mstfg0.ppm,96 x 65
mstfh0.ppm,110 x 80
mstfi0.ppm,96 x 69
mstfj0.ppm,90 x 61
mwnda0.ppm,72 x 52
mwndb0.ppm,93 x 64
mwndc0.ppm,7 x 7
mwndd0.ppm,7 x 7
mwnde0.ppm,15 x 15
mwndf0.ppm,24 x 24
mwndg0.ppm,43 x 42
mwndh0.ppm,41 x 38
mwndi0.ppm,50 x 41
pbita0.ppm,7 x 5
pbitb0.ppm,9 x 6
pbitc0.ppm,8 x 10
pbitd0.ppm,10 x 9
pbite0.ppm,10 x 11
pbitf0.ppm,12 x 5
pbitg0.ppm,12 x 5
pbith0.ppm,13 x 6
pbiti0.ppm,15 x 5
pbitj0.ppm,9 x 4
pigya1.ppm,24 x 22
pigya2a8.ppm,44 x 22
pigya3a7.ppm,53 x 23
pigya4a6.ppm,44 x 21
pigya5.ppm,21 x 24
pigyb1.ppm,23 x 24
pigyb2b8.ppm,40 x 24
pigyb3b7.ppm,47 x 23
pigyb4b6.ppm,39 x 23
pigyb5.ppm,22 x 24
pigyc1.ppm,23 x 23
pigyc2c8.ppm,38 x 25
pigyc3c7.ppm,46 x 23
pigyc4c6.ppm,38 x 23
pigyc5.ppm,23 x 25
pigyd1.ppm,26 x 24
pigyd2d8.ppm,38 x 24
pigyd3d7.ppm,46 x 23
pigyd4d6.ppm,38 x 24
pigyd5.ppm,21 x 24
pigye0.ppm,26 x 24
pigyf0.ppm,39 x 29
pigyg0.ppm,47 x 41
pigyh0.ppm,50 x 41
pigyi0.ppm,56 x 41
pigyj0.ppm,55 x 40
pigyk0.ppm,56 x 25
pigyl0.ppm,56 x 14
pigym0.ppm,38 x 24
playa1.ppm,44 x 66
playa2.ppm,58 x 66
playa3.ppm,60 x 66
playa4.ppm,53 x 66
playa5.ppm,44 x 66
playa6.ppm,52 x 67
playa7.ppm,58 x 66
playa8.ppm,51 x 66
playb1.ppm,49 x 68
playb2.ppm,43 x 68
playb3.ppm,48 x 69
playb4.ppm,45 x 67
playb5.ppm,48 x 67
playb6.ppm,39 x 68
playb7.ppm,48 x 70
playb8.ppm,49 x 69
playc1.ppm,44 x 66
playc2.ppm,46 x 66
playc3.ppm,53 x 66
playc4.ppm,50 x 67
playc5.ppm,44 x 66
playc6.ppm,46 x 66
playc7.ppm,56 x 66
playc8.ppm,51 x 66
playd1.ppm,45 x 69
playd2.ppm,40 x 69
playd3.ppm,48 x 70
playd4.ppm,45 x 68
playd5.ppm,48 x 67
playd6.ppm,42 x 67
playd7.ppm,54 x 69
playd8.ppm,45 x 68
playe1.ppm,54 x 74
playe2.ppm,31 x 73
playe3.ppm,46 x 72
playe4.ppm,52 x 74
playe5.ppm,55 x 74
playe6.ppm,31 x 75
playe7.ppm,39 x 77
playe8.ppm,54 x 75
playf1.ppm,48 x 60
playf2.ppm,54 x 59
playf3.ppm,65 x 60
playf4.ppm,69 x 58
playf5.ppm,49 x 60
playf6.ppm,52 x 60
playf7.ppm,61 x 60
playf8.ppm,72 x 59
playg1.ppm,54 x 64
playg2.ppm,48 x 64
playg3.ppm,46 x 64
playg4.ppm,47 x 64
playg5.ppm,52 x 65
playg6.ppm,48 x 64
playg7.ppm,45 x 61
playg8.ppm,50 x 65
playh0.ppm,58 x 64
playi0.ppm,53 x 56
playj0.ppm,63 x 44
playk0.ppm,75 x 48
playl0.ppm,68 x 44
playm0.ppm,73 x 32
playn0.ppm,76 x 19
playo0.ppm,51 x 72
playp0.ppm,61 x 74
playq0.ppm,67 x 70
playr0.ppm,72 x 64
plays0.ppm,75 x 55
playt0.ppm,80 x 45
playu0.ppm,82 x 36
playw0.ppm,82 x 15
playv0.ppm,80 x 30
playx0.ppm,54 x 64
porka0.ppm,15 x 15
porkb0.ppm,21 x 16
porkc0.ppm,26 x 14
porkd0.ppm,20 x 13
porke0.ppm,15 x 13
porkf0.ppm,20 x 13
porkg0.ppm,25 x 14
porkh0.ppm,21 x 16
pot1a0.ppm,23 x 38
pot2a0.ppm,22 x 31
pot3a0.ppm,27 x 24
psbga0.ppm,17 x 21,Flechette
psbgb0.ppm,45 x 38
psbgc0.ppm,48 x 45
psbgd0.ppm,71 x 36
psbge0.ppm,86 x 49
psbgf0.ppm,97 x 50
psbgg0.ppm,94 x 53
psbgh0.ppm,96 x 55
psbgi0.ppm,101 x 54
ptn1a0.ppm,6 x 16
ptn1b0.ppm,6 x 16
ptn1c0.ppm,6 x 16
ptn2a0.ppm,15 x 19
ptn2b0.ppm,15 x 19
ptn2c0.ppm,15 x 19
puf3a0.ppm,5 x 5
puf3b0.ppm,9 x 8
puf3c0.ppm,12 x 11
puf3d0.ppm,14 x 15
radea0.ppm,25 x 22
radeb0.ppm,40 x 34
radec0.ppm,40 x 31
raded0.ppm,38 x 30
radee0.ppm,23 x 23
radef0.ppm,16 x 16
radeg0.ppm,14 x 12
radeh0.ppm,11 x 9
radei0.ppm,7 x 6
rbl1a0.ppm,42 x 12
rbl2a0.ppm,28 x 9
rbl3a0.ppm,30 x 12
rck1a0.ppm,17 x 8
rck2a0.ppm,21 x 12
rck3a0.ppm,30 x 19
rck4a0.ppm,51 x 23
rippa0.ppm,33 x 26
rippb0.ppm,27 x 28
rippc0.ppm,25 x 28
rkbka0.ppm,62 x 41
rkbla0.ppm,50 x 73
rkbsa0.ppm,36 x 51
rocka0.ppm,21 x 17
rockb0.ppm,16 x 12
rockc0.ppm,9 x 7
rockd0.ppm,10 x 6
rocke0.ppm,6 x 5
rockf0.ppm,9 x 6
rockg0.ppm,5 x 5
rockh0.ppm,4 x 3
rocki0.ppm,3 x 3
sbfxa0.ppm,11 x 11
sbfxb0.ppm,16 x 17
sbfxc0.ppm,25 x 25
sbfxd0.ppm,33 x 29
sbfxe0.ppm,41 x 37
sbfxf0.ppm,47 x 45
sbfxg0.ppm,54 x 51
sbfxh0.ppm,18 x 14
sbfxi0.ppm,55 x 43
sbfxj0.ppm,53 x 45
sbfxk0.ppm,55 x 42
sbfxl0.ppm,52 x 40
sbmba0.ppm,16 x 14
sbmbb0.ppm,16 x 14
sbmbc0.ppm,16 x 14
sbmbd0.ppm,17 x 14
sbmbe0.ppm,17 x 14
sbmbf0.ppm,15 x 14
sbmbg0.ppm,16 x 14
sbmbh0.ppm,16 x 14
sbmbi0.ppm,16 x 14
sbmbj0.ppm,16 x 14
sbmbk0.ppm,15 x 14
sbmbl0.ppm,18 x 14
sbmbm0.ppm,18 x 14
sbmbn0.ppm,16 x 14
sbmbo0.ppm,16 x 14
sbmbp0.ppm,16 x 14
sbmga0.ppm,16 x 14
sbmgb0.ppm,16 x 14
sbmgc0.ppm,16 x 14
sbmgd0.ppm,17 x 14
sbmge0.ppm,17 x 14
sbmgf0.ppm,15 x 14
sbmgg0.ppm,16 x 14
sbmgh0.ppm,16 x 14
sbmgi0.ppm,16 x 14
sbmgj0.ppm,16 x 14
sbmgk0.ppm,15 x 14
sbmgl0.ppm,18 x 14
sbmgm0.ppm,18 x 14
sbmgn0.ppm,16 x 14
sbmgo0.ppm,16 x 14
sbmgp0.ppm,16 x 14
sbmpa0.ppm,16 x 14
sbmpb0.ppm,16 x 14
sbmpc0.ppm,16 x 14
sbmpd0.ppm,17 x 14
sbmpe0.ppm,17 x 14
sbmpf0.ppm,15 x 14
sbmpg0.ppm,16 x 14
sbmph0.ppm,16 x 14
sbmpi0.ppm,16 x 14
sbmpj0.ppm,16 x 14
sbmpk0.ppm,15 x 14
sbmpl0.ppm,18 x 14
sbmpm0.ppm,18 x 14
sbmpn0.ppm,16 x 14
sbmpo0.ppm,16 x 14
sbmpp0.ppm,16 x 14
sbs1a1.ppm,23 x 35
sbs1a2a8.ppm,29 x 31
sbs1a3a7.ppm,30 x 31
sbs1a4a6.ppm,29 x 31
sbs1a5.ppm,20 x 29
sbs1b1.ppm,28 x 27
sbs1b2b8.ppm,29 x 30
sbs1b3b7.ppm,31 x 30
sbs1b4b6.ppm,29 x 30
sbs1b5.ppm,29 x 31
sbs1c1.ppm,26 x 26
sbs1c2c8.ppm,29 x 29
sbs1c3c7.ppm,30 x 31
sbs1c4c6.ppm,31 x 29
sbs1c5.ppm,23 x 31
sbs1d1.ppm,28 x 39
sbs1d2d8.ppm,31 x 34
sbs1d3d7.ppm,31 x 33
sbs1d4d6.ppm,31 x 34
sbs1d5.ppm,28 x 27
sbs2a0.ppm,13 x 10
sbs2b0.ppm,13 x 10
sbs2c0.ppm,14 x 10
sbs2d0.ppm,13 x 10
sbs2e0.ppm,13 x 10
sbs2f0.ppm,13 x 10
sbs2g0.ppm,13 x 10
sbs2h0.ppm,12 x 10
sbs2i0.ppm,12 x 10
sbs2j0.ppm,12 x 10
sbs2k0.ppm,13 x 10
sbs2l0.ppm,14 x 10
sbs2m0.ppm,14 x 10
sbs2n0.ppm,13 x 10
sbs2o0.ppm,14 x 10
sbs2p0.ppm,12 x 10
sbs3a0.ppm,19 x 18
sbs3b0.ppm,17 x 18
sbs3c0.ppm,19 x 18
sbs3d0.ppm,56 x 24
sbs3e0.ppm,93 x 38
sbs3f0.ppm,92 x 40
sbs3g0.ppm,85 x 46
sbs3h0.ppm,91 x 46
sbs4a0.ppm,19 x 18
sbs4b0.ppm,17 x 18
sbs4c0.ppm,19 x 18
sbs4d0.ppm,56 x 24
sbs4e0.ppm,93 x 38
sbs4f0.ppm,92 x 40
sbs4g0.ppm,85 x 46
sbs4h0.ppm,91 x 46
sgm1a0.ppm,37 x 71
sgm2a0.ppm,26 x 55
sgm3a0.ppm,30 x 45
sgmpa0.ppm,37 x 128
sgsaa0.ppm,10 x 3
sgsab0.ppm,6 x 6
sgsac0.ppm,10 x 3
sgsad0.ppm,6 x 6
sgsae0.ppm,6 x 6
sgsaf0.ppm,10 x 2
sgsag0.ppm,8 x 7
sgsah0.ppm,4 x 10
sgsai0.ppm,7 x 7
sgsaj0.ppm,12 x 2
sgsak0.ppm,15 x 4
sgsal0.ppm,8 x 7
sgsam0.ppm,4 x 10
sgsan0.ppm,7 x 7
sgsao0.ppm,12 x 2
sgsap0.ppm,11 x 3
sgsaq0.ppm,8 x 7
sgsar0.ppm,4 x 10
sgsas0.ppm,7 x 7
sgsat0.ppm,12 x 2
sgsau0.ppm,8 x 7
sgsaw0.ppm,7 x 7
sgsav0.ppm,4 x 10
sgsax0.ppm,12 x 2
sgsay0.ppm,7 x 7
sgsba0.ppm,5 x 2
sgsbb0.ppm,3 x 1
sgsbc0.ppm,6 x 2
sgsbd0.ppm,5 x 3
sgsbe0.ppm,7 x 3
shb1a0.ppm,40 x 22
shb1b0.ppm,40 x 22
shb1c0.ppm,40 x 37
shb1d0.ppm,7 x 8
shb2a0.ppm,67 x 40
shb2b0.ppm,67 x 53
shb2c0.ppm,73 x 54
shb2d0.ppm,37 x 22
shb2e0.ppm,10 x 12
shexa0.ppm,26 x 23
shexb0.ppm,33 x 29
shexc0.ppm,42 x 33
shexd0.ppm,43 x 42
shexe0.ppm,47 x 37
shrda1.ppm,5 x 10
shrda2a8.ppm,26 x 4
shrda3a7.ppm,34 x 3
shrda4a6.ppm,22 x 5
shrda5.ppm,9 x 10
shrdb1.ppm,5 x 10
shrdb2b8.ppm,27 x 4
shrdb3b7.ppm,33 x 3
shrdb4b6.ppm,26 x 6
shrdb5.ppm,9 x 10
shrdc1.ppm,5 x 10
shrdc2c8.ppm,27 x 4
shrdc3c7.ppm,33 x 3
shrdc4c6.ppm,28 x 6
shrdc5.ppm,10 x 11
shrma0.ppm,30 x 26
shrmb0.ppm,35 x 27
shrmc0.ppm,46 x 37
shrmd0.ppm,48 x 41
shrme0.ppm,41 x 28
shrmf0.ppm,44 x 17
slc1a0.ppm,37 x 71
slc2a0.ppm,26 x 55
slc3a0.ppm,30 x 45
sldga0.ppm,12 x 10
sldgb0.ppm,11 x 10
sldgc0.ppm,11 x 7
sldgd0.ppm,8 x 7
sldge0.ppm,28 x 10
sldgf0.ppm,31 x 8
sldgg0.ppm,42 x 8
sldgh0.ppm,44 x 5
sltra0.ppm,48 x 54
soara0.ppm,35 x 20
soarb0.ppm,37 x 13
soarc0.ppm,33 x 16
sorca1.ppm,57 x 95
sorca2.ppm,76 x 96
sorca3.ppm,94 x 91
sorca4.ppm,77 x 92
sorca5.ppm,57 x 95
sorca6.ppm,68 x 91
sorca7.ppm,89 x 94
sorca8.ppm,73 x 97
sorcb1.ppm,67 x 93
sorcb2.ppm,57 x 92
sorcb3.ppm,72 x 89
sorcb4.ppm,67 x 87
sorcb5.ppm,68 x 92
sorcb6.ppm,67 x 88
sorcb7.ppm,72 x 89
sorcb8.ppm,58 x 93
sorcc1.ppm,57 x 95
sorcc2.ppm,73 x 97
sorcc3.ppm,89 x 94
sorcc4.ppm,68 x 91
sorcc5.ppm,57 x 95
sorcc6.ppm,77 x 92
sorcc7.ppm,94 x 91
sorcc8.ppm,76 x 96
sorcd1.ppm,67 x 93
sorcd2.ppm,58 x 93
sorcd3.ppm,72 x 89
sorcd4.ppm,67 x 87
sorcd5.ppm,70 x 92
sorcd6.ppm,67 x 90
sorcd7.ppm,72 x 89
sorcd8.ppm,57 x 92
sorce1.ppm,61 x 88
sorce2.ppm,107 x 88
sorce3.ppm,133 x 80
sorce4.ppm,106 x 82
sorce5.ppm,60 x 81
sorce6.ppm,107 x 82
sorce7.ppm,131 x 83
sorce8.ppm,104 x 85
sorcf1.ppm,90 x 109
sorcf2.ppm,65 x 112
sorcf3.ppm,106 x 110
sorcf4.ppm,119 x 105
sorcf5.ppm,91 x 103
sorcf6.ppm,67 x 109
sorcf7.ppm,103 x 112
sorcf8.ppm,118 x 109
sorcg1.ppm,65 x 99
sorcg2.ppm,71 x 99
sorcg3.ppm,78 x 97
sorcg4.ppm,60 x 93
sorcg5.ppm,64 x 94
sorcg6.ppm,60 x 93
sorcg7.ppm,78 x 97
sorcg8.ppm,71 x 99
sorch0.ppm,57 x 95
sorci0.ppm,65 x 99
sorcj0.ppm,70 x 99
sorck0.ppm,80 x 102
sorcl0.ppm,94 x 97
sorcm0.ppm,102 x 99
sorcn0.ppm,101 x 99
sorco0.ppm,98 x 101
sorcp0.ppm,97 x 98
sorcq0.ppm,76 x 98
sorcr0.ppm,76 x 89
sorcs0.ppm,76 x 75
sorct0.ppm,76 x 53
sorcu0.ppm,76 x 32
sorcw0.ppm,111 x 44
sorcv0.ppm,82 x 34
sorcx0.ppm,106 x 49
sorcy0.ppm,97 x 36
sorcz0.ppm,76 x 15
speda0.ppm,17 x 26
spedb0.ppm,26 x 24
spedc0.ppm,25 x 24
spedd0.ppm,16 x 23
spede0.ppm,18 x 23
spedf0.ppm,27 x 22
spedg0.ppm,28 x 24
spedh0.ppm,17 x 26
sphla0.ppm,19 x 25
spira1.ppm,71 x 31
spira2a8.ppm,65 x 28
spira3a7.ppm,62 x 26
spira4a6.ppm,60 x 25
spira5.ppm,53 x 26
spirb1.ppm,71 x 31
spirb2b8.ppm,66 x 29
spirb3b7.ppm,58 x 28
spirb4b6.ppm,59 x 26
spirb5.ppm,53 x 26
spirc0.ppm,18 x 14
spird0.ppm,19 x 11
spire0.ppm,57 x 55
spirf0.ppm,57 x 53
spirg0.ppm,45 x 58
spirh0.ppm,37 x 50
spiri0.ppm,29 x 41
spirj0.ppm,19 x 28
spirk0.ppm,30 x 26
spirl0.ppm,30 x 28
spirm0.ppm,36 x 31
spirn0.ppm,39 x 31
spiro0.ppm,35 x 20
spirp1.ppm,19 x 19
spirp2p8.ppm,34 x 12
spirp3p7.ppm,54 x 12
spirp4p6.ppm,34 x 12
spirp5.ppm,17 x 17
spirq0.ppm,17 x 16
spirr0.ppm,17 x 15
spirs0.ppm,17 x 15
spirt0.ppm,15 x 13
spiru0.ppm,15 x 12
spsha0.ppm,12 x 12
spshb0.ppm,11 x 11
spshc0.ppm,12 x 11
spshd0.ppm,12 x 12
spshe0.ppm,25 x 11
spshf0.ppm,28 x 18
spshg0.ppm,32 x 26
spshh0.ppm,30 x 21
spshi0.ppm,28 x 18
spshj0.ppm,25 x 11
spshk0.ppm,28 x 8
ssdva0.ppm,77 x 61
ssdvb0.ppm,89 x 76
ssdvc0.ppm,86 x 92
ssdvd0.ppm,91 x 64
ssdve0.ppm,94 x 50
ssdvf0.ppm,95 x 40
ssdvg0.ppm,66 x 27
ssdvh0.ppm,46 x 23
ssdvi0.ppm,45 x 17
ssdvj0.ppm,43 x 11
ssfxa1.ppm,13 x 10
ssfxa2a8.ppm,23 x 9
ssfxa3a7.ppm,42 x 12
ssfxa4a6.ppm,25 x 9
ssfxa5.ppm,12 x 11
ssfxb1.ppm,13 x 10
ssfxb2b8.ppm,24 x 9
ssfxb3b7.ppm,40 x 12
ssfxb4b6.ppm,22 x 9
ssfxb5.ppm,12 x 11
ssfxc0.ppm,38 x 36
ssfxd0.ppm,40 x 38
ssfxe0.ppm,42 x 40
ssfxf0.ppm,44 x 38
ssfxg0.ppm,46 x 40
ssfxh0.ppm,46 x 40
sspt$0.ppm,73 x 69
sspta0.ppm,70 x 26
ssptb0.ppm,74 x 48
ssptc0.ppm,77 x 61
ssptd0.ppm,89 x 63
sspte1.ppm,38 x 23
sspte2e8.ppm,62 x 24
sspte3e7.ppm,78 x 23
sspte4e6.ppm,62 x 25
sspte5.ppm,41 x 26
ssptf1.ppm,37 x 23
ssptf2f8.ppm,62 x 24
ssptf3f7.ppm,79 x 24
ssptf4f6.ppm,63 x 25
ssptf5.ppm,34 x 25
ssptg1.ppm,37 x 23
ssptg2g8.ppm,61 x 24
ssptg3g7.ppm,80 x 25
ssptg4g6.ppm,61 x 26
ssptg5.ppm,38 x 27
sspth1.ppm,38 x 16
sspth2h8.ppm,62 x 16
sspth3h7.ppm,80 x 17
sspth4h6.ppm,62 x 16
sspth5.ppm,34 x 16
sspti1.ppm,82 x 54
sspti2i8.ppm,71 x 57
sspti3i7.ppm,62 x 56
sspti4i6.ppm,74 x 56
sspti5.ppm,58 x 55
ssptj1.ppm,82 x 54
ssptj2j8.ppm,72 x 57
ssptj3j7.ppm,74 x 55
ssptj4j6.ppm,59 x 57
ssptj5.ppm,58 x 55
ssptk1.ppm,75 x 78
ssptk2k8.ppm,78 x 75
ssptk3k7.ppm,54 x 75
ssptk4k6.ppm,61 x 72
ssptk5.ppm,66 x 73
ssptl1.ppm,64 x 79
ssptl2l8.ppm,109 x 73
ssptl3l7.ppm,121 x 71
ssptl4l6.ppm,58 x 63
ssptl5.ppm,68 x 62
ssptm1.ppm,56 x 67
ssptm2m8.ppm,78 x 71
ssptm3m7.ppm,120 x 76
ssptm4m6.ppm,105 x 76
ssptm5.ppm,56 x 71
ssptn1.ppm,81 x 61
ssptn2n8.ppm,76 x 67
ssptn3n7.ppm,115 x 77
ssptn4n6.ppm,98 x 74
ssptn5.ppm,83 x 74
sspto0.ppm,80 x 66
ssptp0.ppm,74 x 73
ssptq0.ppm,69 x 69
ssptr0.ppm,63 x 53
sspts0.ppm,62 x 52
ssptt0.ppm,78 x 43
ssptu0.ppm,86 x 31
ssptw0.ppm,64 x 45
ssptv0.ppm,73 x 37
ssptx0.ppm,54 x 47
sspty0.ppm,42 x 33
ssptz0.ppm,45 x 18
ssxda0.ppm,80 x 66
ssxdb0.ppm,84 x 68
ssxdc0.ppm,104 x 68
ssxdd0.ppm,116 x 54
ssxde0.ppm,119 x 37
ssxdf0.ppm,122 x 22
ssxdg0.ppm,120 x 19
ssxdh0.ppm,89 x 13
ssxdi0.ppm,29 x 22
ssxdj0.ppm,26 x 21
ssxdk0.ppm,31 x 22
ssxdl0.ppm,31 x 20
ssxdm0.ppm,28 x 23
ssxdn0.ppm,35 x 20
ssxdo0.ppm,31 x 21
ssxdp0.ppm,30 x 21
ssxdq0.ppm,33 x 7
ssxdr0.ppm,37 x 11
ssxds0.ppm,32 x 17
ssxdt0.ppm,16 x 5
stm1a0.ppm,50 x 40
stm2a0.ppm,50 x 33
stm3a0.ppm,29 x 27
stm4a0.ppm,27 x 37
stt2a0.ppm,53 x 123
stt3a0.ppm,53 x 123
stt4a0.ppm,53 x 76
stt5a0.ppm,53 x 76
sttwa0.ppm,56 x 84
stwna0.ppm,56 x 84
stwnb0.ppm,56 x 84
suita0.ppm,39 x 80
suitb0.ppm,17 x 9
suitc0.ppm,13 x 11
suitd0.ppm,13 x 9
suite0.ppm,20 x 11
suitf0.ppm,12 x 10
suitg0.ppm,9 x 7
suith0.ppm,21 x 15
suiti0.ppm,20 x 7
suitj0.ppm,14 x 3
suitk0.ppm,26 x 3
sumna0.ppm,22 x 23
swmva0.ppm,41 x 70
telea0.ppm,39 x 39
teleb0.ppm,23 x 23
telec0.ppm,7 x 7
teled0.ppm,26 x 24
telee0.ppm,32 x 31
telef0.ppm,34 x 30
teleg0.ppm,51 x 52
teleh0.ppm,52 x 49
teloa0.ppm,29 x 25
telob0.ppm,29 x 25
teloc0.ppm,29 x 25
telod0.ppm,29 x 25
thrwa0.ppm,17 x 15
thrwb0.ppm,17 x 16
thrwc0.ppm,17 x 21
thrwd0.ppm,17 x 15
thrwe0.ppm,16 x 16
thrwf0.ppm,17 x 21
thrwg0.ppm,20 x 19
thrwh0.ppm,20 x 19
tlgla0.ppm,7 x 7
tlglb0.ppm,9 x 9
tlglc0.ppm,9 x 9
tlgld0.ppm,9 x 9
tlgle0.ppm,9 x 9
tms1a0.ppm,41 x 53
tms2a0.ppm,41 x 53
tms3a0.ppm,41 x 53
tms4a0.ppm,36 x 59
tms5a0.ppm,36 x 59
tms6a0.ppm,31 x 54
tms7a0.ppm,31 x 54
trcha0.ppm,15 x 21
trchb0.ppm,15 x 20
trchc0.ppm,15 x 21
trdta0.ppm,134 x 189
trdtb0.ppm,168 x 183
trdtc0.ppm,176 x 155
trdtd0.ppm,155 x 87
trdte0.ppm,166 x 54
trdtf0.ppm,132 x 33
trdtg0.ppm,47 x 33
trdth0.ppm,134 x 189
trdti0.ppm,168 x 185
trdtj0.ppm,176 x 193
trdtk0.ppm,173 x 193
trdtl0.ppm,175 x 158
trdtm0.ppm,141 x 143
trdtn0.ppm,126 x 142
trdto0.ppm,97 x 84
trdtp0.ppm,74 x 41
trdtq0.ppm,50 x 41
tre1a0.ppm,78 x 136
tre2a0.ppm,108 x 183
tre3a0.ppm,87 x 155
tre4a0.ppm,148 x 189
tre5a0.ppm,148 x 189
tre6a0.ppm,110 x 125
tre7a0.ppm,110 x 125
trnga1a5.ppm,39 x 39
trnga2a8.ppm,24 x 39
trnga3a7.ppm,3 x 39
trnga4a6.ppm,24 x 39
trngb1b5.ppm,31 x 31
trngb2b8.ppm,20 x 33
trngb3b7.ppm,3 x 33
trngb4b6.ppm,20 x 33
trngc1c5.ppm,23 x 23
trngc2c8.ppm,14 x 24
trngc3c7.ppm,3 x 26
trngc4c6.ppm,14 x 24
trngd1d5.ppm,15 x 15
trngd2d8.ppm,10 x 15
trngd3d7.ppm,3 x 17
trngd4d6.ppm,10 x 15
trnge0.ppm,7 x 7
tsmka0.ppm,38 x 96
tsmkb0.ppm,41 x 92
tsmkc0.ppm,41 x 103
tsmkd0.ppm,44 x 93
tsmke0.ppm,43 x 95
tsmkf0.ppm,44 x 98
tsmkg0.ppm,44 x 101
tsmkh0.ppm,42 x 106
tsmki0.ppm,43 x 108
tsmkj0.ppm,43 x 107
tsmkk0.ppm,50 x 75
tsmkl0.ppm,51 x 86
tsmkm0.ppm,50 x 99
tsmkn0.ppm,44 x 109
tsmko0.ppm,46 x 91
tsmkp0.ppm,41 x 90
tsmkq0.ppm,44 x 97
tsmkr0.ppm,45 x 101
tsmks0.ppm,46 x 98
tsmkt0.ppm,44 x 101
tsmku0.ppm,44 x 106
tsmkw0.ppm,38 x 108
tsmkv0.ppm,40 x 109
tsmkx0.ppm,50 x 88
tsmky0.ppm,43 x 96
tsmkz0.ppm,50 x 91
tspka0.ppm,51 x 137
tspkb0.ppm,51 x 137
tspkc0.ppm,41 x 6
tspkd0.ppm,41 x 10
tst0a0.ppm,34 x 24
tst1a0.ppm,16 x 20
tst2a0.ppm,16 x 16
tst3a0.ppm,32 x 25
tst4a0.ppm,14 x 21
tst5a0.ppm,14 x 25
tst6a0.ppm,23 x 11
tst7a0.ppm,15 x 13
tst8a0.ppm,15 x 10
tst9a0.ppm,15 x 10
twtra0.ppm,31 x 80
twtrb0.ppm,31 x 82
twtrc0.ppm,31 x 84
twtrd0.ppm,31 x 84
twtre0.ppm,31 x 80
twtrf0.ppm,31 x 81
twtrg0.ppm,31 x 83
twtrh0.ppm,31 x 81
twtri0.ppm,31 x 66
vasea0.ppm,24 x 54
watra0.ppm,1 x 2
watrb0.ppm,8 x 16
wcfma0.ppm,24 x 50
wcfmb0.ppm,18 x 52
wcfmc0.ppm,19 x 46
wcfmd0.ppm,28 x 49
wcfme0.ppm,29 x 48
wcfmf0.ppm,19 x 43
wcfmg0.ppm,16 x 43
wcfmh0.ppm,25 x 46
wch1a0.ppm,24 x 18
wch2a0.ppm,31 x 17
wch3a0.ppm,19 x 18
wchsa0.ppm,27 x 41
wcssa0.ppm,26 x 43
wfaxa0.ppm,28 x 41
wfhma0.ppm,20 x 40
wfr1a0.ppm,8 x 36
wfr2a0.ppm,20 x 13
wfr3a0.ppm,12 x 15
wltra0.ppm,13 x 49
wltrb0.ppm,13 x 49
wltrc0.ppm,13 x 51
wltrd0.ppm,13 x 53
wltre0.ppm,13 x 57
wltrf0.ppm,13 x 50
wltrg0.ppm,13 x 52
wltrh0.ppm,13 x 55
wltri0.ppm,13 x 33
wmcsa0.ppm,33 x 28
wmcsb0.ppm,33 x 28
wmcsc0.ppm,33 x 28
wmlga0.ppm,15 x 28
wmlgb0.ppm,26 x 28
wmlgc0.ppm,29 x 29
wmlgd0.ppm,25 x 28
wmlge0.ppm,17 x 29
wmlgf0.ppm,25 x 28
wmlgg0.ppm,29 x 30
wmlgh0.ppm,26 x 29
wms1a0.ppm,13 x 14
wms2a0.ppm,11 x 24
wms3a0.ppm,8 x 23
wpiga0.ppm,86 x 43
wpigb0.ppm,86 x 39
wrbla0.ppm,24 x 19
wrblb0.ppm,18 x 16
wrblc0.ppm,20 x 19
wrbld0.ppm,37 x 34
wrble0.ppm,39 x 34
wrblf0.ppm,40 x 32
wrblg0.ppm,38 x 30
wrblh0.ppm,40 x 26
wrbli0.ppm,36 x 17
wrblj0.ppm,3 x 3
wrblk0.ppm,3 x 3
wrbll0.ppm,3 x 3
wrblm0.ppm,2 x 2
wrbln0.ppm,2 x 2
wrblo0.ppm,1 x 2
wrblp0.ppm,1 x 1
wrblq0.ppm,4 x 8
wrblr0.ppm,3 x 6
wrbls0.ppm,4 x 4
wrblt0.ppm,3 x 8
wrblu0.ppm,3 x 6
wrblw0.ppm,3 x 3
wrblv0.ppm,3 x 3
wrblx0.ppm,6 x 6
wrbly0.ppm,2 x 5
wrblz0.ppm,2 x 3
wrt2a0.ppm,78 x 80
wrt2b0.ppm,76 x 69
wrt2c0.ppm,82 x 75
wrt2d0.ppm,92 x 75
wrt2e0.ppm,87 x 77
wrt2f0.ppm,89 x 53
wrt2g0.ppm,83 x 31
wrt2h0.ppm,84 x 18
wrt2i0.ppm,78 x 69
wrtha1.ppm,54 x 68
wrtha2a8.ppm,69 x 70
wrtha3a7.ppm,76 x 67
wrtha4a6.ppm,68 x 63
wrtha5.ppm,52 x 62
wrthb1.ppm,54 x 69
wrthb2b8.ppm,68 x 68
wrthb3b7.ppm,79 x 65
wrthb4b6.ppm,67 x 64
wrthb5.ppm,53 x 55
wrthc1.ppm,53 x 70
wrthc2c8.ppm,69 x 70
wrthc3c7.ppm,78 x 66
wrthc4c6.ppm,67 x 64
wrthc5.ppm,52 x 59
wrthd1.ppm,53 x 69
wrthd2d8.ppm,67 x 70
wrthd3d7.ppm,71 x 71
wrthd4d6.ppm,65 x 60
wrthd5.ppm,51 x 55
wrthe1.ppm,113 x 70
wrthe2e8.ppm,76 x 71
wrthe3e7.ppm,68 x 71
wrthe4e6.ppm,82 x 67
wrthe5.ppm,79 x 69
wrthf1.ppm,131 x 75
wrthf2f8.ppm,82 x 75
wrthf3f7.ppm,73 x 75
wrthf4f6.ppm,86 x 71
wrthf5.ppm,83 x 76
wrthg1.ppm,69 x 62
wrthg2g8.ppm,85 x 65
wrthg3g7.ppm,90 x 71
wrthg4g6.ppm,66 x 66
wrthg5.ppm,64 x 59
wrthh1.ppm,78 x 80
wrthh2h8.ppm,63 x 72
wrthh3h7.ppm,58 x 71
wrthh4h6.ppm,60 x 66
wrthh5.ppm,68 x 66
wrthi0.ppm,84 x 83
wrthj0.ppm,84 x 83
wrthk0.ppm,84 x 83
wrthl0.ppm,84 x 83
wrthm0.ppm,93 x 75
wrthn0.ppm,105 x 68
wrtho0.ppm,109 x 61
wrthp0.ppm,104 x 37
wrthq0.ppm,85 x 24
wrthr0.ppm,64 x 12
xmasa0.ppm,53 x 151
xmasb0.ppm,53 x 151
xmasc0.ppm,53 x 151
xmasd0.ppm,63 x 152
xmase0.ppm,39 x 151
xmasf0.ppm,27 x 156
xmasg0.ppm,14 x 163
xmash0.ppm,11 x 152
xmasi0.ppm,16 x 132
xmasj0.ppm,21 x 73
xmask0.ppm,27 x 18
xpl1a0.ppm,33 x 30
xpl1b0.ppm,39 x 36
xpl1c0.ppm,52 x 47
xpl1d0.ppm,58 x 52
xpl1e0.ppm,69 x 59
xpl1f0.ppm,76 x 62
